id,name,state,county,range,elevation_ft,elevation_m,prominence_ft,lat,lon,gnis_feature_id,wikidata_qid,wikipedia_url,lists,photo_url,photo_license,photo_license_url,photo_author,photo_source_page,photo_attribution,coord_source,official_usgs_name,prominence_marginal,aka
ak-mount-mckinley-denali,Mount McKinley (Denali),Alaska,Denali,,20310.0,6190.5,,63.0691018,-151.0062617,1414314,Q130018,https://en.wikipedia.org/wiki/Denali,us-state-highpoints,https://upload.wikimedia.org/wikipedia/commons/9/91/Wonder_Lake_and_Denali.jpg,Public domain,,Denali National Park and Preserve,https://commons.wikimedia.org/wiki/File:Wonder_Lake_and_Denali.jpg,"Denali National Park and Preserve, Public domain, via Wikimedia Commons",USGS GNIS feature 1414314,,,
ca-mount-whitney,Mount Whitney,California,Tulare,Sierra Nevada,14491,4417,10080.0,36.57857,-118.2924218,269051,Q2123824,https://en.wikipedia.org/wiki/List_of_mountain_ranges_of_California,ca-13ers;ca-14ers;us-state-highpoints,https://upload.wikimedia.org/wikipedia/commons/f/f9/Mount_Whitney_2003-03-25.jpg,CC BY 1.0,https://creativecommons.org/licenses/by/1.0,Geographer (talk · contribs),https://commons.wikimedia.org/wiki/File:Mount_Whitney_2003-03-25.jpg,"Geographer (talk · contribs), CC BY 1.0, via Wikimedia Commons",USGS GNIS feature 269051,True,False,
co-mount-elbert,Mount Elbert,Colorado,Lake,,14439.6,4401.2,,39.1178687,-106.4452569,180381,Q657225,https://en.wikipedia.org/wiki/Mount_Elbert,us-state-highpoints,https://upload.wikimedia.org/wikipedia/commons/1/1e/Mt._Elbert.jpg,CC BY-SA 4.0,https://creativecommons.org/licenses/by-sa/4.0,Hogs555 (talk · contribs),https://commons.wikimedia.org/wiki/File:Mt._Elbert.jpg,"Hogs555 (talk · contribs), CC BY-SA 4.0, via Wikimedia Commons",USGS GNIS feature 180381,,,
wa-mount-rainier,Mount Rainier,Washington,Pierce,,14399.6,4389.0,,46.8528267,-121.7604408,1533614,Q194057,https://en.wikipedia.org/wiki/Mount_Rainier,us-state-highpoints,https://upload.wikimedia.org/wikipedia/commons/3/3d/Mount_Rainier_5917s.JPG,CC BY-SA 3.0,https://creativecommons.org/licenses/by-sa/3.0,Walter Siegmund (talk),https://commons.wikimedia.org/wiki/File:Mount_Rainier_5917s.JPG,"Walter Siegmund (talk), CC BY-SA 3.0, via Wikimedia Commons",USGS GNIS feature 1533614,,,
ca-mount-williamson,Mount Williamson,California,Inyo,Sierra Nevada,14375,4382,1675.5,36.6559544,-118.3110851,1654980,Q822964,https://en.wikipedia.org/wiki/Mount_Williamson,ca-13ers;ca-14ers,https://upload.wikimedia.org/wikipedia/commons/9/98/Mount_Williamson.jpg,Public domain,,"Jeffrey Burton, National Park Service",https://commons.wikimedia.org/wiki/File:Mount_Williamson.jpg,"Jeffrey Burton, National Park Service, Public domain, via Wikimedia Commons",USGS GNIS feature 1654980,True,False,
ca-white-mountain-peak,White Mountain Peak,California,Mono,White Mountains,14246,4342,7196.0,37.6340283,-118.2556316,255232,Q4468440,https://en.wikipedia.org/wiki/White_Mountain_Peak,ca-13ers;ca-14ers,https://upload.wikimedia.org/wikipedia/commons/7/77/White_Mountain_CA.JPG,CC BY 3.0,https://creativecommons.org/licenses/by/3.0,JonathanLamb (talk · contribs),https://commons.wikimedia.org/wiki/File:White_Mountain_CA.JPG,"JonathanLamb (talk · contribs), CC BY 3.0, via Wikimedia Commons",USGS GNIS feature 255232,True,False,
ca-north-palisade,North Palisade,California,Inyo,Sierra Nevada,14242,4341,2894.0,37.0942428,-118.5144372,264233,Q2047839,https://en.wikipedia.org/wiki/Palisades_%28California_Sierra%29,ca-13ers;ca-14ers,https://upload.wikimedia.org/wikipedia/commons/7/72/North_Palisade_from_Windy_Point.jpg,Public domain,,Ansel Adams,https://commons.wikimedia.org/wiki/File:North_Palisade_from_Windy_Point.jpg,"Ansel Adams, Public domain, via Wikimedia Commons",USGS GNIS feature 264233,True,False,
ca-mount-shasta,Mount Shasta,California,Siskiyou,Cascade Range,14162,4317,9772.0,41.40917,-122.1948451,266054,Q748355,https://en.wikipedia.org/wiki/Mount_Shasta,ca-13ers;ca-14ers,https://upload.wikimedia.org/wikipedia/commons/2/22/MtShasta_aerial.JPG,CC BY-SA 3.0,http://creativecommons.org/licenses/by-sa/3.0/,Ewen Denney (talk · contribs),https://commons.wikimedia.org/wiki/File:MtShasta_aerial.JPG,"Ewen Denney (talk · contribs), CC BY-SA 3.0, via Wikimedia Commons",USGS GNIS feature 266054,True,False,
ca-mount-sill,Mount Sill,California,Inyo,Sierra Nevada,14153,4314,373.0,37.095985,-118.5033965,1654943,Q4419260,https://en.wikipedia.org/wiki/Mount_Sill,ca-13ers;ca-14ers,https://upload.wikimedia.org/wikipedia/commons/4/4f/Mount_Sill_cropped.jpg,CC BY-SA 2.0,https://creativecommons.org/licenses/by-sa/2.0,Jonathan Fox,https://commons.wikimedia.org/wiki/File:Mount_Sill_cropped.jpg,"Jonathan Fox, CC BY-SA 2.0, via Wikimedia Commons",USGS GNIS feature 1654943,True,False,
ca-mount-russell,Mount Russell,California,Inyo,Sierra Nevada,14088,4294,1128.6,36.5906707,-118.2890359,265692,Q4390381,https://en.wikipedia.org/wiki/Mount_Russell_%28California%29,ca-13ers;ca-14ers,https://upload.wikimedia.org/wikipedia/commons/2/26/Mt_Russell.jpg,CC BY-SA 3.0,http://creativecommons.org/licenses/by-sa/3.0/,Will Beback at en.wikipedia,https://commons.wikimedia.org/wiki/File:Mt_Russell.jpg,"Will Beback at en.wikipedia, CC BY-SA 3.0, via Wikimedia Commons",USGS GNIS feature 265692,True,False,
ca-split-mountain,Split Mountain,California,Inyo,Sierra Nevada,14058,4285,1380.0,37.0209599,-118.4225361,235207,Q4437980,https://en.wikipedia.org/wiki/Split_Mountain_%28California%29,ca-13ers;ca-14ers,https://upload.wikimedia.org/wikipedia/commons/6/6e/Split_Mountain.jpg,CC BY-SA 2.0,https://creativecommons.org/licenses/by-sa/2.0,Jonathan Fox,https://commons.wikimedia.org/wiki/File:Split_Mountain.jpg,"Jonathan Fox, CC BY-SA 2.0, via Wikimedia Commons",USGS GNIS feature 235207,True,False,
ca-mount-langley,Mount Langley,California,Tulare,Sierra Nevada,14026,4275,1197.5,36.5233668,-118.2394156,1654923,Q6921760,https://en.wikipedia.org/wiki/Mount_Langley,ca-13ers;ca-14ers,https://upload.wikimedia.org/wikipedia/commons/d/d2/MountLangley.jpg,CC BY-SA 4.0,https://creativecommons.org/licenses/by-sa/4.0,Timwryan (talk · contribs),https://commons.wikimedia.org/wiki/File:MountLangley.jpg,"Timwryan (talk · contribs), CC BY-SA 4.0, via Wikimedia Commons",USGS GNIS feature 1654923,True,False,
ca-mount-muir,Mount Muir,California,Tulare,Sierra Nevada,14018.1,4272.723,331.4,36.5647386,-118.2913287,1654926,Q831100,https://en.wikipedia.org/wiki/Mount_Muir,ca-14ers,https://upload.wikimedia.org/wikipedia/commons/9/90/Mount_Muir.jpg,CC BY-SA 3.0,http://creativecommons.org/licenses/by-sa/3.0/,Poppy,https://commons.wikimedia.org/wiki/File:Mount_Muir.jpg,"Poppy, CC BY-SA 3.0, via Wikimedia Commons",USGS GNIS feature 1654926,,,
ca-mount-tyndall,Mount Tyndall,California,Inyo,Sierra Nevada,14018,4273,1125.3,36.6557436,-118.3372726,1654979,Q4457828,https://en.wikipedia.org/wiki/Mount_Tyndall,ca-13ers;ca-14ers,https://upload.wikimedia.org/wikipedia/commons/0/0c/Mount_Tyndall.jpg,CC BY 3.0,https://creativecommons.org/licenses/by/3.0,Self,https://commons.wikimedia.org/wiki/File:Mount_Tyndall.jpg,"Self, CC BY 3.0, via Wikimedia Commons",USGS GNIS feature 1654979,True,False,
ca-middle-palisade,Middle Palisade,California,Inyo,Sierra Nevada,14012,4271,1118.8,37.0702899,-118.469138,1654925,Q4292810,https://en.wikipedia.org/wiki/Middle_Palisade,ca-13ers;ca-14ers,https://upload.wikimedia.org/wikipedia/commons/e/e3/Middle_Palisade.jpg,Public domain,,GarconN2 (talk · contribs),https://commons.wikimedia.org/wiki/File:Middle_Palisade.jpg,"GarconN2 (talk · contribs), Public domain, via Wikimedia Commons",USGS GNIS feature 1654925,True,False,
ca-mount-barnard,Mount Barnard,California,Tulare,,13990,4264,,36.6284032,-118.3215994,256535,Q6919623,https://en.wikipedia.org/wiki/Mount_Barnard_%28California%29,ca-13ers,https://upload.wikimedia.org/wikipedia/commons/5/5f/Mount_Whitney_3D_map_version1.jpg,Public domain,,Asybaris01,https://commons.wikimedia.org/wiki/File:Mount_Whitney_3D_map_version1.jpg,"Asybaris01, Public domain, via Wikimedia Commons",USGS GNIS feature 256535,True,False,
ca-mount-humphreys,Mount Humphreys,California,Inyo,,13986,4263,,37.269972,-118.6716534,261626,Q3198850,https://en.wikipedia.org/wiki/Mount_Humphreys,ca-13ers,https://upload.wikimedia.org/wikipedia/commons/c/cd/Mt_Humphries_from_Humphries_Basin.jpg,CC BY-SA 3.0,https://creativecommons.org/licenses/by-sa/3.0,Dcrjsr,https://commons.wikimedia.org/wiki/File:Mt_Humphries_from_Humphries_Basin.jpg,"Dcrjsr, CC BY-SA 3.0, via Wikimedia Commons",USGS GNIS feature 261626,True,False,
ca-mount-keith,Mount Keith,California,Tulare,,13975,4260,,36.7000695,-118.3434162,262096,Q6921618,https://en.wikipedia.org/wiki/Mount_Keith,ca-13ers,https://upload.wikimedia.org/wikipedia/commons/f/f4/California_Pines_by_William_Keith%2C_1878.jpg,Public domain,,William Keith,"https://commons.wikimedia.org/wiki/File:California_Pines_by_William_Keith,_1878.jpg","William Keith, Public domain, via Wikimedia Commons",USGS GNIS feature 262096,True,False,
ca-mount-stanford-south,Mount Stanford (South),California,,,13973,4259,,36.7038,-118.3958,,Q6923833,https://en.wikipedia.org/wiki/Mount_Stanford,ca-13ers,https://upload.wikimedia.org/wikipedia/commons/9/9b/MtStanfordDetail.jpg,CC BY 2.0,https://creativecommons.org/licenses/by/2.0,Justin,https://commons.wikimedia.org/wiki/File:MtStanfordDetail.jpg,"Justin, CC BY 2.0, via Wikimedia Commons",Vulgarian Ramblers peak detail page (WGS84),True,False,
ca-barrett-peak,Barrett Peak,California,,,13962,4256,,37.0905,-118.5072,,,,ca-13ers,,,,,,,Vulgarian Ramblers peak detail page (WGS84),False,True,
ca-trojan-peak,Trojan Peak,California,Inyo,,13947,4251,,36.6423223,-118.3152859,268421,Q49084926,https://en.wikipedia.org/wiki/Trojan_Peak,ca-13ers,https://upload.wikimedia.org/wikipedia/commons/b/b7/Williamson_tree_distant.jpg,CC BY-SA 3.0,https://creativecommons.org/licenses/by-sa/3.0,Paul Fretheim (talk · contribs),https://commons.wikimedia.org/wiki/File:Williamson_tree_distant.jpg,"Paul Fretheim (talk · contribs), CC BY-SA 3.0, via Wikimedia Commons",USGS GNIS feature 268421,True,False,
ca-mount-leconte,Mount LeConte,California,,,13930,4246,,36.5417,-118.2517,,Q6921791,https://en.wikipedia.org/wiki/Mount_Le_Conte_%28California%29,ca-13ers,https://upload.wikimedia.org/wikipedia/commons/d/da/MtLeConte1935.jpg,Public domain,,Not stated.,https://commons.wikimedia.org/wiki/File:MtLeConte1935.jpg,"Not stated., Public domain, via Wikimedia Commons",Vulgarian Ramblers peak detail page (WGS84),True,False,
ca-mount-morgenson,Mount Morgenson,California,,,13927,4245,,36.5916,-118.2998,,Q107366258,https://en.wikipedia.org/wiki/Mount_Randy_Morgenson,ca-13ers,https://upload.wikimedia.org/wikipedia/commons/6/63/Mount_Randy_Morgenson.jpg,CC BY 2.0,https://creativecommons.org/licenses/by/2.0,Tim Berger,https://commons.wikimedia.org/wiki/File:Mount_Randy_Morgenson.jpg,"Tim Berger, CC BY 2.0, via Wikimedia Commons",Vulgarian Ramblers peak detail page (WGS84),False,True,
ca-mount-agassiz,Mount Agassiz,California,Inyo,,13893,4235,,37.1118775,-118.5307554,256133,Q6919275,https://en.wikipedia.org/wiki/Mount_Agassiz_%28California%29,ca-13ers,https://upload.wikimedia.org/wikipedia/commons/6/63/Mount_Agassiz_southeast_face.jpg,CC BY 2.0,https://creativecommons.org/licenses/by/2.0,Justin,https://commons.wikimedia.org/wiki/File:Mount_Agassiz_southeast_face.jpg,"Justin, CC BY 2.0, via Wikimedia Commons",USGS GNIS feature 256133,True,False,
ca-junction-peak,Junction Peak,California,Inyo,,13888,4233,,36.6909623,-118.366282,262046,Q6311758,https://en.wikipedia.org/wiki/Junction_Peak,ca-13ers,https://upload.wikimedia.org/wikipedia/commons/a/ad/Kings_Canyon-Junction_Peak_Aah11.jpg,Public domain,,Ansel Adams,https://commons.wikimedia.org/wiki/File:Kings_Canyon-Junction_Peak_Aah11.jpg,"Ansel Adams, Public domain, via Wikimedia Commons",USGS GNIS feature 262046,True,False,
ca-norman-clyde-peak,Norman Clyde Peak,California,Inyo,,13855,4223,,37.0744853,-118.4744223,1659244,Q8525889,https://en.wikipedia.org/wiki/Norman_Clyde_Peak,ca-13ers,https://upload.wikimedia.org/wikipedia/commons/b/b2/Norman_Clyde_Peak%27s_northeast_face%2C_seen_from_Big_Pine_Creek_near_Glacier_Lodge.jpg,CC BY 2.0,https://creativecommons.org/licenses/by/2.0,Justin.Johnsen (talk · contribs) (Justin at Flickr),"https://commons.wikimedia.org/wiki/File:Norman_Clyde_Peak%27s_northeast_face,_seen_from_Big_Pine_Creek_near_Glacier_Lodge.jpg","Justin.Johnsen (talk · contribs) (Justin at Flickr), CC BY 2.0, via Wikimedia Commons",USGS GNIS feature 1659244,True,True,
ca-mount-mallory,Mount Mallory,California,Inyo,,13845,4220,,36.5490861,-118.2622756,263134,Q6921982,https://en.wikipedia.org/wiki/Mount_Mallory,ca-13ers,https://upload.wikimedia.org/wikipedia/commons/3/34/Mount_Whitney_vista.jpg,CC BY-SA 2.0,https://creativecommons.org/licenses/by-sa/2.0,Jonathan Fox,https://commons.wikimedia.org/wiki/File:Mount_Whitney_vista.jpg,"Jonathan Fox, CC BY-SA 2.0, via Wikimedia Commons",USGS GNIS feature 263134,True,False,
ca-caltech-peak,CalTech Peak,California,Tulare,,13832,4216,,36.6884149,-118.3904881,254691,Q35732519,https://en.wikipedia.org/wiki/Caltech_Peak,ca-13ers,https://upload.wikimedia.org/wikipedia/commons/1/1f/Forester_Pass_view_North.jpg,CC BY 3.0,https://creativecommons.org/licenses/by/3.0,Dcrjsr,https://commons.wikimedia.org/wiki/File:Forester_Pass_view_North.jpg,"Dcrjsr, CC BY 3.0, via Wikimedia Commons",USGS GNIS feature 254691,True,False,
ca-mount-darwin,Mount Darwin,California,Fresno,,13831,4216,,37.1670216,-118.672388,259069,Q2963260,https://en.wikipedia.org/wiki/Mount_Darwin_%28California%29,ca-13ers,https://upload.wikimedia.org/wikipedia/commons/c/c4/Mount_Darwin.jpg,Public domain,,MtDarwinUpload (talk · contribs),https://commons.wikimedia.org/wiki/File:Mount_Darwin.jpg,"MtDarwinUpload (talk · contribs), Public domain, via Wikimedia Commons",USGS GNIS feature 259069,True,False,
wy-gannett-peak,Gannett Peak,Wyoming,Fremont,,13809.4,4209.1,,43.1843012,-109.6541217,1599903,Q1493617,https://en.wikipedia.org/wiki/Gannett_Peak,us-state-highpoints,https://upload.wikimedia.org/wikipedia/commons/5/54/Gannett_Peak.jpg,Public domain,,U.S. Forest Service,https://commons.wikimedia.org/wiki/File:Gannett_Peak.jpg,"U.S. Forest Service, Public domain, via Wikimedia Commons",USGS GNIS feature 1599903,,,
hi-mauna-kea,Mauna Kea,Hawaii,Hawaii,,13803.5,4207.3,,19.8206065,-155.4681155,366215,Q131230,https://en.wikipedia.org/wiki/Mauna_Kea,us-state-highpoints,https://upload.wikimedia.org/wikipedia/commons/7/78/Mauna_Kea10.jpg,CC BY-SA 3.0,http://creativecommons.org/licenses/by-sa/3.0/,,https://commons.wikimedia.org/wiki/File:Mauna_Kea10.jpg,"Unknown author, CC BY-SA 3.0, via Wikimedia Commons",USGS GNIS feature 366215,,,
ca-mount-kaweah,Mount Kaweah,California,Tulare,,13802,4207,,36.5260095,-118.4785526,254846,Q6921611,https://en.wikipedia.org/wiki/Mount_Kaweah,ca-13ers,https://upload.wikimedia.org/wikipedia/commons/0/06/Mt_Kaweah.jpg,Public domain,,W.L. Huber,https://commons.wikimedia.org/wiki/File:Mt_Kaweah.jpg,"W.L. Huber, Public domain, via Wikimedia Commons",USGS GNIS feature 254846,True,False,
ca-mount-mcadie,Mount McAdie,California,Tulare,,13799,4206,,36.5517527,-118.2763365,1659080,Q6922077,https://en.wikipedia.org/wiki/Mount_McAdie,ca-13ers,https://upload.wikimedia.org/wikipedia/commons/e/e2/Mount_McAdie_from_the_summit_of_Whitney.jpg,CC BY 2.0,https://creativecommons.org/licenses/by/2.0,glenngould,https://commons.wikimedia.org/wiki/File:Mount_McAdie_from_the_summit_of_Whitney.jpg,"glenngould, CC BY 2.0, via Wikimedia Commons",USGS GNIS feature 1659080,True,False,
ca-mount-winchell,Mount Winchell,California,Inyo,,13775,4199,,37.1045961,-118.5261656,269219,Q6924629,https://en.wikipedia.org/wiki/Mount_Winchell,ca-13ers,https://upload.wikimedia.org/wikipedia/commons/0/09/Mt_Winchell.jpg,CC BY 2.0,https://creativecommons.org/licenses/by/2.0,Justin.Johnsen (Justin at Flickr),https://commons.wikimedia.org/wiki/File:Mt_Winchell.jpg,"Justin.Johnsen (Justin at Flickr), CC BY 2.0, via Wikimedia Commons",USGS GNIS feature 269219,True,False,
ca-mount-morgan-south,Mount Morgan (South),California,,,13748,4190,,37.4055,-118.733,,Q6922255,https://en.wikipedia.org/wiki/Mount_Morgan_%28Inyo_County%2C_California%29,ca-13ers,https://upload.wikimedia.org/wikipedia/commons/c/cd/Mt_Morgan.jpg,CC BY 2.0,https://creativecommons.org/licenses/by/2.0,"Gregory Bryson from San Diego, CA, USA",https://commons.wikimedia.org/wiki/File:Mt_Morgan.jpg,"Gregory Bryson from San Diego, CA, USA, CC BY 2.0, via Wikimedia Commons",Vulgarian Ramblers peak detail page (WGS84),True,False,
ca-mount-gabb,Mount Gabb,California,Fresno,,13741,4188,,37.3766314,-118.8027365,260452,Q23950187,https://en.wikipedia.org/wiki/Mount_Gabb,ca-13ers,https://upload.wikimedia.org/wikipedia/commons/2/21/Mount_Gabb_from_East.jpg,CC BY-SA 4.0,https://creativecommons.org/licenses/by-sa/4.0,Inklein,https://commons.wikimedia.org/wiki/File:Mount_Gabb_from_East.jpg,"Inklein, CC BY-SA 4.0, via Wikimedia Commons",USGS GNIS feature 260452,True,False,
ca-bear-creek-spire,Bear Creek Spire,California,Inyo,,13740,4188,,37.3680534,-118.7676077,256653,Q18357144,https://en.wikipedia.org/wiki/Bear_Creek_Spire,ca-13ers,https://upload.wikimedia.org/wikipedia/commons/8/88/Bear_Creek_Spire_from_Mosquito_Flat.jpg,CC BY-SA 4.0,https://creativecommons.org/licenses/by-sa/4.0,Adorabutton,https://commons.wikimedia.org/wiki/File:Bear_Creek_Spire_from_Mosquito_Flat.jpg,"Adorabutton, CC BY-SA 4.0, via Wikimedia Commons",USGS GNIS feature 256653,True,False,
ca-red-kaweah,Red Kaweah,California,Tulare,,13737,4187,,36.5400002,-118.5056254,1659482,Q7304418,https://en.wikipedia.org/wiki/Red_Kaweah,ca-13ers,https://upload.wikimedia.org/wikipedia/commons/0/0f/Light_on_the_Kaweahs_%288049712402%29.jpg,CC BY 2.0,https://creativecommons.org/licenses/by/2.0,"Jeffrey Pang from Berkeley, CA, USA",https://commons.wikimedia.org/wiki/File:Light_on_the_Kaweahs_(8049712402).jpg,"Jeffrey Pang from Berkeley, CA, USA, CC BY 2.0, via Wikimedia Commons",USGS GNIS feature 1659482,True,False,
ca-east-barnard,East Barnard,California,,,13724,4183,,36.6261,-118.311,,,,ca-13ers,,,,,,,Vulgarian Ramblers peak detail page (WGS84),False,False,
ca-mount-mendel,Mount Mendel,California,Fresno,,13710,4179,,37.1748412,-118.6822359,263452,Q6922150,https://en.wikipedia.org/wiki/Mount_Mendel,ca-13ers,https://upload.wikimedia.org/wikipedia/commons/0/00/MtMendel.jpg,CC BY-SA 3.0,https://creativecommons.org/licenses/by-sa/3.0,Claisam,https://commons.wikimedia.org/wiki/File:MtMendel.jpg,"Claisam, CC BY-SA 3.0, via Wikimedia Commons",USGS GNIS feature 263452,True,False,
ca-mount-abbot,Mount Abbot,California,Fresno,,13704,4177,,37.3863529,-118.7848306,256096,Q6919218,https://en.wikipedia.org/wiki/Mount_Abbot,ca-13ers,https://upload.wikimedia.org/wikipedia/commons/6/60/Mount_Abbot.jpg,CC BY 3.0,https://creativecommons.org/licenses/by/3.0,self,https://commons.wikimedia.org/wiki/File:Mount_Abbot.jpg,"self, CC BY 3.0, via Wikimedia Commons",USGS GNIS feature 256096,True,False,
ca-black-kaweah,Black Kaweah,California,Tulare,,13680,4170,,36.5453837,-118.5158296,254626,Q4921100,https://en.wikipedia.org/wiki/Black_Kaweah,ca-13ers,https://upload.wikimedia.org/wikipedia/commons/0/0f/Light_on_the_Kaweahs_%288049712402%29.jpg,CC BY 2.0,https://creativecommons.org/licenses/by/2.0,"Jeffrey Pang from Berkeley, CA, USA",https://commons.wikimedia.org/wiki/File:Light_on_the_Kaweahs_(8049712402).jpg,"Jeffrey Pang from Berkeley, CA, USA, CC BY 2.0, via Wikimedia Commons",USGS GNIS feature 254626,True,False,
ca-midway-mountain,Midway Mountain,California,Tulare,,13664,4165,,36.6433251,-118.48371,228633,Q49050081,https://en.wikipedia.org/wiki/Midway_Mountain,ca-13ers,https://upload.wikimedia.org/wikipedia/commons/f/fa/Milestone%2C_Midway%2C_Table_Mtns.jpg,CC BY 2.0,https://creativecommons.org/licenses/by/2.0,Tim Berger,"https://commons.wikimedia.org/wiki/File:Milestone,_Midway,_Table_Mtns.jpg","Tim Berger, CC BY 2.0, via Wikimedia Commons",USGS GNIS feature 228633,True,False,
ca-second-kaweah,Second Kaweah,California,,,13661,4164,,36.5332,-118.4931,,,,ca-13ers,,,,,,,Vulgarian Ramblers peak detail page (WGS84),False,False,
ca-mount-tom,Mount Tom,California,Inyo,,13652,4161,,37.338556,-118.6569361,268340,Q6924144,https://en.wikipedia.org/wiki/Mount_Tom_%28California%29,ca-13ers,https://upload.wikimedia.org/wikipedia/commons/6/6e/Mount-tom.jpg,CC BY-SA 4.0,https://creativecommons.org/licenses/by-sa/4.0,Eeekster,https://commons.wikimedia.org/wiki/File:Mount-tom.jpg,"Eeekster, CC BY-SA 4.0, via Wikimedia Commons",USGS GNIS feature 268340,True,False,
ca-milestone-mountain,Milestone Mountain,California,Tulare,,13638,4157,,36.6344742,-118.4845322,228655,Q6851612,https://en.wikipedia.org/wiki/Milestone_Mountain,ca-13ers,https://upload.wikimedia.org/wikipedia/commons/f/f5/Milestone_Mtn_Huber_1932.jpg,Public domain,,W.L. Huber,https://commons.wikimedia.org/wiki/File:Milestone_Mtn_Huber_1932.jpg,"W.L. Huber, Public domain, via Wikimedia Commons",USGS GNIS feature 228655,True,False,
ca-table-mountain,Table Mountain,California,Tulare,,13632,4155,,36.659904,-118.4737038,253958,Q7673143,https://en.wikipedia.org/wiki/Table_Mountain_%28Tulare_County%2C_California%29,ca-13ers,https://upload.wikimedia.org/wikipedia/commons/6/62/Table_Mountain_GWD.jpg,Public domain,,F. Webb,https://commons.wikimedia.org/wiki/File:Table_Mountain_GWD.jpg,"F. Webb, Public domain, via Wikimedia Commons",USGS GNIS feature 253958,True,False,
ca-mount-ericsson,Mount Ericsson,California,Tulare,,13615,4150,,36.6971529,-118.4144644,223236,Q23950180,https://en.wikipedia.org/wiki/Mount_Ericsson,ca-13ers,https://upload.wikimedia.org/wikipedia/commons/0/04/Mount_Ericsson_1935.jpg,Public domain,,U.S. Geological Survey,https://commons.wikimedia.org/wiki/File:Mount_Ericsson_1935.jpg,"U.S. Geological Survey, Public domain, via Wikimedia Commons",USGS GNIS feature 223236,True,False,
ca-utm882683,UTM882683,California,,,13615,4150,,37.6572,-118.2681,,,,ca-13ers,,,,,,,Vulgarian Ramblers peak detail page (WGS84),True,False,
ca-birch-mountain,Birch Mountain,California,Inyo,,13602,4146,,37.0624923,-118.4190658,252132,Q4915679,https://en.wikipedia.org/wiki/Birch_Mountain,ca-13ers,https://upload.wikimedia.org/wikipedia/commons/b/bb/Birch_mountain.jpg,CC BY-SA 3.0,https://creativecommons.org/licenses/by-sa/3.0,Justin.Johnsen,https://commons.wikimedia.org/wiki/File:Birch_mountain.jpg,"Justin.Johnsen, CC BY-SA 3.0, via Wikimedia Commons",USGS GNIS feature 252132,True,False,
ca-university-peak,University Peak,California,Inyo,,13589,4142,,36.7480794,-118.3618702,268596,Q7894874,https://en.wikipedia.org/wiki/University_Peak_%28California%29,ca-13ers,https://upload.wikimedia.org/wikipedia/commons/1/1d/University_peak.jpg,CC BY-SA 2.0,https://creativecommons.org/licenses/by-sa/2.0,Mel,https://commons.wikimedia.org/wiki/File:University_peak.jpg,"Mel, CC BY-SA 2.0, via Wikimedia Commons",USGS GNIS feature 268596,True,False,
ca-ed-lane-peak,Ed Lane Peak,California,,,13576,4138,,37.0606,-118.4363,,,,ca-13ers,,,,,,,Vulgarian Ramblers peak detail page (WGS84),False,False,
ca-mount-brewer,Mount Brewer,California,Tulare,,13570,4136,,36.7083193,-118.4852329,219808,Q6919846,https://en.wikipedia.org/wiki/Mount_Brewer,ca-13ers,https://upload.wikimedia.org/wikipedia/commons/6/69/Mount_Brewer.jpg,Public domain,,"Matthes, F.E.",https://commons.wikimedia.org/wiki/File:Mount_Brewer.jpg,"Matthes, F.E., Public domain, via Wikimedia Commons",USGS GNIS feature 219808,True,False,
ca-mount-goddard,Mount Goddard,California,Fresno,,13568,4136,,37.1029149,-118.7198836,260631,Q6920932,https://en.wikipedia.org/wiki/Mount_Goddard,ca-13ers,https://upload.wikimedia.org/wikipedia/commons/4/40/Mount_Goddard_California.jpg,Public domain,,"Gilbert, G.K.",https://commons.wikimedia.org/wiki/File:Mount_Goddard_California.jpg,"Gilbert, G.K., Public domain, via Wikimedia Commons",USGS GNIS feature 260631,True,False,
ca-tunnabora-peak,Tunnabora Peak,California,Inyo,,13563,4134,,36.6051277,-118.2821847,268469,Q49085201,https://en.wikipedia.org/wiki/Tunnabora_Peak,ca-13ers,https://upload.wikimedia.org/wikipedia/commons/1/1f/Tunnabora_Peak.jpg,CC BY 2.5,https://creativecommons.org/licenses/by/2.5,John Fowler,https://commons.wikimedia.org/wiki/File:Tunnabora_Peak.jpg,"John Fowler, CC BY 2.5, via Wikimedia Commons",USGS GNIS feature 268469,True,False,
ca-mount-dubois,Mount Dubois,California,Mono,,13559,4133,,37.783259,-118.3431596,259592,Q23950192,https://en.wikipedia.org/wiki/Mount_Dubois,ca-13ers,https://upload.wikimedia.org/wikipedia/commons/9/95/White_Mountain_Peak_View_to_north%2C_White_Mountains.jpg,CC BY-SA 4.0,https://creativecommons.org/licenses/by-sa/4.0,Martin Stiburek,"https://commons.wikimedia.org/wiki/File:White_Mountain_Peak_View_to_north,_White_Mountains.jpg","Martin Stiburek, CC BY-SA 4.0, via Wikimedia Commons",USGS GNIS feature 259592,True,False,
ca-palisade-crest,Palisade Crest,California,Inyo,,13553,4131,,37.0814468,-118.4895799,1659335,Q7127578,https://en.wikipedia.org/wiki/Palisade_Crest,ca-13ers,https://upload.wikimedia.org/wikipedia/commons/f/ff/Palisade_Crest.jpg,CC BY-SA 2.0,https://creativecommons.org/licenses/by-sa/2.0,"Jonathan Fox from Carson City, United States",https://commons.wikimedia.org/wiki/File:Palisade_Crest.jpg,"Jonathan Fox from Carson City, United States, CC BY-SA 2.0, via Wikimedia Commons",USGS GNIS feature 1659335,True,False,
ca-milestone-mesa,Milestone Mesa,California,,,13547,4129,,36.6306,-118.4762,,,,ca-13ers,,,,,,,Vulgarian Ramblers peak detail page (WGS84),False,False,
ca-utm794568,UTM794568,California,,,13540,4127,,36.6508,-118.3497,,,,ca-13ers,,,,,,,Vulgarian Ramblers peak detail page (WGS84),True,False,
ut-kings-peak,Kings Peak,Utah,Duchesne,,13534.1,4125.2,,40.7763756,-110.3728037,1442332,Q1642538,https://en.wikipedia.org/wiki/Kings_Peak_%28Utah%29,us-state-highpoints,https://upload.wikimedia.org/wikipedia/commons/2/2d/Kings_Peak_Close_Up.jpg,CC BY-SA 3.0,http://creativecommons.org/licenses/by-sa/3.0/,Hyrum K. Wright,https://commons.wikimedia.org/wiki/File:Kings_Peak_Close_Up.jpg,"Hyrum K. Wright, CC BY-SA 3.0, via Wikimedia Commons",USGS GNIS feature 1442332,,,
ca-thunder-mountain,Thunder Mountain,California,Tulare,,13533,4125,,36.6689524,-118.4757769,255142,Q7798997,https://en.wikipedia.org/wiki/Thunder_Mountain_%28Tulare_County%2C_California%29,ca-13ers,https://upload.wikimedia.org/wikipedia/commons/5/54/Thunder_Mountain%2C_east_aspect.jpg,CC BY 2.0,https://creativecommons.org/licenses/by/2.0,glenngould,"https://commons.wikimedia.org/wiki/File:Thunder_Mountain,_east_aspect.jpg","glenngould, CC BY 2.0, via Wikimedia Commons",USGS GNIS feature 255142,True,False,
ca-cloudripper,Cloudripper,California,Inyo,,13525,4122,,37.1427527,-118.5304693,1667271,Q35735048,https://en.wikipedia.org/wiki/Cloudripper,ca-13ers,https://upload.wikimedia.org/wikipedia/commons/d/d4/Cloudripper.jpg,CC BY 2.0,https://creativecommons.org/licenses/by/2.0,Tim Berger,https://commons.wikimedia.org/wiki/File:Cloudripper.jpg,"Tim Berger, CC BY 2.0, via Wikimedia Commons",USGS GNIS feature 1667271,True,False,
ca-squaretop,Squaretop,California,,,13524,4122,,36.5358,-118.4984,,,,ca-13ers,,,,,,,Vulgarian Ramblers peak detail page (WGS84),False,True,
ca-mount-gayley,Mount Gayley,California,Inyo,,13510,4118,,37.1030007,-118.4998074,233920,Q49052787,https://en.wikipedia.org/wiki/Mount_Gayley,ca-13ers,https://upload.wikimedia.org/wikipedia/commons/f/f0/Mount_Gayley.jpg,CC BY 2.0,https://creativecommons.org/licenses/by/2.0,Tim Berger,https://commons.wikimedia.org/wiki/File:Mount_Gayley.jpg,"Tim Berger, CC BY 2.0, via Wikimedia Commons",USGS GNIS feature 233920,True,False,
ca-mount-fiske,Mount Fiske,California,Fresno,,13503,4116,,37.1365692,-118.6678353,260170,Q49052707,https://en.wikipedia.org/wiki/Mount_Fiske,ca-13ers,https://upload.wikimedia.org/wikipedia/commons/2/27/Mt._Fiske_reflected_Sapphire_Lake.jpg,CC BY 3.0,https://creativecommons.org/licenses/by/3.0,"Jeff P from Berkeley, CA, USA",https://commons.wikimedia.org/wiki/File:Mt._Fiske_reflected_Sapphire_Lake.jpg,"Jeff P from Berkeley, CA, USA, CC BY 3.0, via Wikimedia Commons",USGS GNIS feature 260170,True,False,
ca-mount-hale,Mount Hale,California,Tulare,,13494,4113,,36.5880375,-118.3146535,1658696,Q49052893,https://en.wikipedia.org/wiki/Mount_Hale_%28California%29,ca-13ers,https://upload.wikimedia.org/wikipedia/commons/a/aa/Hale_from_Whitney.jpg,CC BY-SA 2.0,https://creativecommons.org/licenses/by-sa/2.0,Jonathan Fox,https://commons.wikimedia.org/wiki/File:Hale_from_Whitney.jpg,"Jonathan Fox, CC BY-SA 2.0, via Wikimedia Commons",USGS GNIS feature 1658696,True,False,
ca-mount-pinchot,Mount Pinchot,California,Fresno,,13494,4113,,36.9473279,-118.4052002,264746,Q25206397,https://en.wikipedia.org/wiki/Mount_Pinchot_%28California%29,ca-13ers,https://upload.wikimedia.org/wikipedia/commons/9/91/Lookout_Peak_View%2C_Kings_Canyon_National_Park.jpg,CC BY-SA 4.0,https://creativecommons.org/licenses/by-sa/4.0,Martin Stiburek,"https://commons.wikimedia.org/wiki/File:Lookout_Peak_View,_Kings_Canyon_National_Park.jpg","Martin Stiburek, CC BY-SA 4.0, via Wikimedia Commons",USGS GNIS feature 264746,True,False,
ca-mount-thompson,Mount Thompson,California,Fresno,,13494,4113,,37.1428824,-118.6136118,1659993,Q49054835,https://en.wikipedia.org/wiki/Mount_Thompson_%28California%29,ca-13ers,https://upload.wikimedia.org/wikipedia/commons/5/5e/Sunset_on_Mt_Thompson.jpg,CC BY-SA 2.0,https://creativecommons.org/licenses/by-sa/2.0,Marty B,https://commons.wikimedia.org/wiki/File:Sunset_on_Mt_Thompson.jpg,"Marty B, CC BY-SA 2.0, via Wikimedia Commons",USGS GNIS feature 1659993,True,False,
ca-mount-bolton-brown,Mount Bolton Brown,California,Fresno,,13491,4112,,37.0461295,-118.4410291,254644,Q49052100,https://en.wikipedia.org/wiki/Mount_Bolton_Brown,ca-13ers,https://upload.wikimedia.org/wikipedia/commons/c/ce/Mt._Bolton_Brown.jpg,CC BY-SA 2.5,https://creativecommons.org/licenses/by-sa/2.5,David Bakken,https://commons.wikimedia.org/wiki/File:Mt._Bolton_Brown.jpg,"David Bakken, CC BY-SA 2.5, via Wikimedia Commons",USGS GNIS feature 254644,True,False,
ca-mount-pickering,Mount Pickering,California,Tulare,,13474,4107,,36.5272735,-118.2908888,264700,Q49054020,https://en.wikipedia.org/wiki/Mount_Pickering,ca-13ers,https://upload.wikimedia.org/wikipedia/commons/c/c6/Mount_Pickering.jpg,CC BY-SA 2.0,https://creativecommons.org/licenses/by-sa/2.0,Mitch Barrie,https://commons.wikimedia.org/wiki/File:Mount_Pickering.jpg,"Mitch Barrie, CC BY-SA 2.0, via Wikimedia Commons",USGS GNIS feature 264700,True,False,
ca-mount-versteeg,Mount Versteeg,California,Inyo,,13470,4106,,36.6477151,-118.3256176,1660096,Q49055010,https://en.wikipedia.org/wiki/Mount_Versteeg,ca-13ers,https://upload.wikimedia.org/wikipedia/commons/2/21/Mount_Versteeg.jpg,CC BY 2.0,https://creativecommons.org/licenses/by/2.0,Tim Berger,https://commons.wikimedia.org/wiki/File:Mount_Versteeg.jpg,"Tim Berger, CC BY 2.0, via Wikimedia Commons",USGS GNIS feature 1660096,True,True,
ca-twelve-flags-peak,Twelve Flags Peak,California,,,13468,4105,,37.4105,-118.7232,,,,ca-13ers,,,,,,,Vulgarian Ramblers peak detail page (WGS84),False,False,
ca-northwest-lamarck,Northwest Lamarck,California,,,13464,4104,,37.1967,-118.6736,,Q49053354,https://en.wikipedia.org/wiki/Mount_Lamarck,ca-13ers,https://upload.wikimedia.org/wikipedia/commons/4/4f/Upper_Lamarck_Lake.jpg,CC BY-SA 2.0,https://creativecommons.org/licenses/by-sa/2.0,Jonathan Fox,https://commons.wikimedia.org/wiki/File:Upper_Lamarck_Lake.jpg,"Jonathan Fox, CC BY-SA 2.0, via Wikimedia Commons",Vulgarian Ramblers peak detail page (WGS84),False,False,
ca-mount-mills,Mount Mills,California,Inyo,,13451,4100,,37.393853,-118.7899979,263654,Q6922195,https://en.wikipedia.org/wiki/Mount_Mills_%28California%29,ca-13ers,https://upload.wikimedia.org/wikipedia/commons/9/98/Mount_Abbot_and_Mills.jpg,CC BY-SA 2.0,https://creativecommons.org/licenses/by-sa/2.0,"Jonathan Fox from Carson City, United States",https://commons.wikimedia.org/wiki/File:Mount_Abbot_and_Mills.jpg,"Jonathan Fox from Carson City, United States, CC BY-SA 2.0, via Wikimedia Commons",USGS GNIS feature 263654,True,False,
ca-montgomery-peak,Montgomery Peak,California,Mono,,13441,4097,,37.838259,-118.3567721,263775,Q6905765,https://en.wikipedia.org/wiki/Montgomery_Peak,ca-13ers,https://upload.wikimedia.org/wikipedia/commons/d/d0/Boundary_Montgomery_Peaks.jpg,Public domain,,Johndheathcote at English Wikipedia,https://commons.wikimedia.org/wiki/File:Boundary_Montgomery_Peaks.jpg,"Johndheathcote at English Wikipedia, Public domain, via Wikimedia Commons",USGS GNIS feature 263775,True,False,
ca-mount-newcomb,Mount Newcomb,California,Tulare,,13422,4091,,36.5400684,-118.2934108,264073,Q49053781,https://en.wikipedia.org/wiki/Mount_Newcomb,ca-13ers,https://upload.wikimedia.org/wikipedia/commons/9/91/Newcomb_from_Langley.jpg,CC BY-SA 2.0,https://creativecommons.org/licenses/by-sa/2.0,Mitch Barrie,https://commons.wikimedia.org/wiki/File:Newcomb_from_Langley.jpg,"Mitch Barrie, CC BY-SA 2.0, via Wikimedia Commons",USGS GNIS feature 264073,True,False,
ca-mount-haeckel,Mount Haeckel,California,Inyo,,13418,4090,,37.1509924,-118.6610067,261003,Q49052877,https://en.wikipedia.org/wiki/Mount_Haeckel,ca-13ers,https://upload.wikimedia.org/wikipedia/commons/a/a1/Aspen_Grove%2C_Sierra_Nevada%2C_CA_10-8-18.jpg,CC BY-SA 2.0,https://creativecommons.org/licenses/by-sa/2.0,Don Graham,"https://commons.wikimedia.org/wiki/File:Aspen_Grove,_Sierra_Nevada,_CA_10-8-18.jpg","Don Graham, CC BY-SA 2.0, via Wikimedia Commons",USGS GNIS feature 261003,True,False,
ca-keyhole-plateau,Keyhole Plateau,California,,,13404,4086,,37.2036,-118.6804,,,,ca-13ers,,,,,,,Vulgarian Ramblers peak detail page (WGS84),False,True,
ca-cardinal-mountain,Cardinal Mountain,California,Inyo,,13396,4083,,36.9994047,-118.4127374,257971,Q35732811,https://en.wikipedia.org/wiki/Cardinal_Mountain,ca-13ers,https://upload.wikimedia.org/wikipedia/commons/b/b4/Cardinal_Mountain.jpg,CC BY-SA 2.5,https://creativecommons.org/licenses/by-sa/2.5,David Bakken,https://commons.wikimedia.org/wiki/File:Cardinal_Mountain.jpg,"David Bakken, CC BY-SA 2.5, via Wikimedia Commons",USGS GNIS feature 257971,True,False,
ca-mount-jepson,Mount Jepson,California,Inyo,,13390,4081,,37.0888496,-118.4952691,226205,Q49053218,https://en.wikipedia.org/wiki/Mount_Jepson,ca-13ers,https://upload.wikimedia.org/wikipedia/commons/6/60/Mt._Jepson.jpg,CC BY 2.0,https://creativecommons.org/licenses/by/2.0,Tim Berger,https://commons.wikimedia.org/wiki/File:Mt._Jepson.jpg,"Tim Berger, CC BY 2.0, via Wikimedia Commons",USGS GNIS feature 226205,True,False,
ca-mount-steven-jay-gould,Mount Steven Jay Gould,California,,,13385,4080,,37.1802,-118.6869,,,,ca-13ers,,,,,,,Vulgarian Ramblers peak detail page (WGS84),False,False,
ca-the-cleaver,The Cleaver,California,,,13383,4079,,36.5975,-118.2746,,,,ca-13ers,,,,,,,Vulgarian Ramblers peak detail page (WGS84),False,False,
ca-kaweah-queen,Kaweah Queen,California,Tulare,,13382,4079,,36.5546554,-118.5085537,1658885,Q6379954,https://en.wikipedia.org/wiki/Kaweah_Queen,ca-13ers,https://upload.wikimedia.org/wikipedia/commons/f/f4/Kaweah_Queen.jpg,CC BY 4.0,https://creativecommons.org/licenses/by/4.0,Martin Bravenboer,https://commons.wikimedia.org/wiki/File:Kaweah_Queen.jpg,"Martin Bravenboer, CC BY 4.0, via Wikimedia Commons",USGS GNIS feature 1658885,True,False,
ca-mount-wallace,Mount Wallace,California,Fresno,,13377,4077,,37.1468068,-118.6567979,268762,Q49055062,https://en.wikipedia.org/wiki/Mount_Wallace_%28Fresno_and_Inyo_counties%2C_California%29,ca-13ers,https://upload.wikimedia.org/wikipedia/commons/f/fa/Mt._Wallace.jpg,CC BY-SA 4.0,https://creativecommons.org/licenses/by-sa/4.0,Eggbones,https://commons.wikimedia.org/wiki/File:Mt._Wallace.jpg,"Eggbones, CC BY-SA 4.0, via Wikimedia Commons",USGS GNIS feature 268762,True,False,
ca-vagabond-peak,Vagabond Peak,California,,,13374,4076,,37.1496,-118.5304,,,,ca-13ers,,,,,,,Vulgarian Ramblers peak detail page (WGS84),False,False,
ca-utm809631,UTM809631,California,,,13366,4074,,36.7082,-118.3347,,,,ca-13ers,,,,,,,Vulgarian Ramblers peak detail page (WGS84),True,True,
ca-point-powell,Point Powell,California,,,13366,4074,,37.1407,-118.6254,,Q7236069,https://en.wikipedia.org/wiki/Powell_Glacier,ca-13ers,,,,,,,Vulgarian Ramblers peak detail page (WGS84),False,False,
ca-mount-powell,Mount Powell,California,Fresno,,13364,4073,,37.1386737,-118.6340226,265018,Q49054192,https://en.wikipedia.org/wiki/Mount_Powell_%28California%29,ca-13ers,https://upload.wikimedia.org/wikipedia/commons/f/fd/Mount_Powell_CA.jpg,CC BY-SA 2.5,https://creativecommons.org/licenses/by-sa/2.5,Peretz Partensky,https://commons.wikimedia.org/wiki/File:Mount_Powell_CA.jpg,"Peretz Partensky, CC BY-SA 2.5, via Wikimedia Commons",USGS GNIS feature 265018,True,False,
ca-mount-hilgard,Mount Hilgard,California,Fresno,,13361,4072,,37.3603118,-118.8269322,261351,Q49053024,https://en.wikipedia.org/wiki/Mount_Hilgard,ca-13ers,https://upload.wikimedia.org/wikipedia/commons/0/08/Mt._Hilgard%2C_east_aspect.jpg,CC BY 2.0,https://creativecommons.org/licenses/by/2.0,Chris M Morris,"https://commons.wikimedia.org/wiki/File:Mt._Hilgard,_east_aspect.jpg","Chris M Morris, CC BY 2.0, via Wikimedia Commons",USGS GNIS feature 261351,True,False,
ca-the-thumb,The Thumb,California,Inyo,,13356,4071,,37.07148,-118.4459775,255135,Q49083035,https://en.wikipedia.org/wiki/The_Thumb_%28California%29,ca-13ers,https://upload.wikimedia.org/wikipedia/commons/9/98/The_Thumb%2C_Middle_Palisade_area.jpg,CC BY-SA 2.0,https://creativecommons.org/licenses/by-sa/2.0,Jonathan Fox,"https://commons.wikimedia.org/wiki/File:The_Thumb,_Middle_Palisade_area.jpg","Jonathan Fox, CC BY-SA 2.0, via Wikimedia Commons",USGS GNIS feature 255135,True,False,
ca-mount-jordan,Mount Jordan,California,Tulare,,13344,4067,,36.6822482,-118.449785,254840,Q49053242,https://en.wikipedia.org/wiki/Mount_Jordan,ca-13ers,https://upload.wikimedia.org/wikipedia/commons/7/74/Mts._Jordan%2C_Genevra%2C_from_Brewer.jpg,CC BY 2.0,https://creativecommons.org/licenses/by/2.0,breic,"https://commons.wikimedia.org/wiki/File:Mts._Jordan,_Genevra,_from_Brewer.jpg","breic, CC BY 2.0, via Wikimedia Commons",USGS GNIS feature 254840,True,False,
ca-black-giant,Black Giant,California,Fresno,,13330,4063,,37.1022388,-118.6487071,257117,Q35727572,https://en.wikipedia.org/wiki/Black_Giant,ca-13ers,https://upload.wikimedia.org/wikipedia/commons/b/b3/Black_Giant%2C_Sierra_Nevada.jpg,CC BY 2.0,https://creativecommons.org/licenses/by/2.0,Sebastian Werner,"https://commons.wikimedia.org/wiki/File:Black_Giant,_Sierra_Nevada.jpg","Sebastian Werner, CC BY 2.0, via Wikimedia Commons",USGS GNIS feature 257117,True,False,
ca-joe-devel-peak,Joe Devel Peak,California,Tulare,,13327,4062,,36.5153256,-118.2963785,261959,Q49039891,https://en.wikipedia.org/wiki/Joe_Devel_Peak,ca-13ers,https://upload.wikimedia.org/wikipedia/commons/d/d5/Joe_Devel_Peak.jpg,CC BY-SA 2.5,https://creativecommons.org/licenses/by-sa/2.5,C N,https://commons.wikimedia.org/wiki/File:Joe_Devel_Peak.jpg,"C N, CC BY-SA 2.5, via Wikimedia Commons",USGS GNIS feature 261959,True,False,
ca-north-guard,North Guard,California,Tulare,,13327,4062,,36.7165267,-118.4900379,229731,Q49057314,https://en.wikipedia.org/wiki/North_Guard,ca-13ers,https://upload.wikimedia.org/wikipedia/commons/e/ee/North_Guard_from_Glen_Pass.jpg,CC BY-SA 3.0,https://creativecommons.org/licenses/by-sa/3.0,Will Keightley,https://commons.wikimedia.org/wiki/File:North_Guard_from_Glen_Pass.jpg,"Will Keightley, CC BY-SA 3.0, via Wikimedia Commons",USGS GNIS feature 229731,True,False,
ca-royce-peak,Royce Peak,California,Fresno,,13294,4052,,37.3181738,-118.7708958,265639,Q49070255,https://en.wikipedia.org/wiki/Royce_Peak,ca-13ers,https://upload.wikimedia.org/wikipedia/commons/5/53/Merriam%2C_Royce%2C_Feather_peaks.jpg,CC BY-SA 2.0,https://creativecommons.org/licenses/by-sa/2.0,Jonathan Fox,"https://commons.wikimedia.org/wiki/File:Merriam,_Royce,_Feather_peaks.jpg","Jonathan Fox, CC BY-SA 2.0, via Wikimedia Commons",USGS GNIS feature 265639,True,False,
ca-black-mountain-south,Black Mountain (South),California,,,13291,4051,,36.8092,-118.3779,,Q35727688,https://en.wikipedia.org/wiki/Black_Mountain_%28Inyo_and_Fresno_counties%2C_California%29,ca-13ers,https://upload.wikimedia.org/wikipedia/commons/2/23/Black_Mountain%2C_west_aspect.jpg,CC BY 2.0,https://creativecommons.org/licenses/by/2.0,Kirk Y.,"https://commons.wikimedia.org/wiki/File:Black_Mountain,_west_aspect.jpg","Kirk Y., CC BY 2.0, via Wikimedia Commons",Vulgarian Ramblers peak detail page (WGS84),True,False,
ca-picture-puzzle,Picture Puzzle,California,Inyo,,13291,4051,,37.1279154,-118.538844,1667282,Q49061081,https://en.wikipedia.org/wiki/Picture_Puzzle,ca-13ers,https://upload.wikimedia.org/wikipedia/commons/2/26/Picture_Puzzle_from_Bishop_Pass.jpg,CC BY-SA 2.0,https://creativecommons.org/licenses/by-sa/2.0,Jonathan Fox,https://commons.wikimedia.org/wiki/File:Picture_Puzzle_from_Bishop_Pass.jpg,"Jonathan Fox, CC BY-SA 2.0, via Wikimedia Commons",USGS GNIS feature 1667282,True,False,
ca-utm698439,UTM698439,California,,,13284,4049,,36.5331,-118.4555,,,,ca-13ers,,,,,,,Vulgarian Ramblers peak detail page (WGS84),True,False,
ca-mount-mcduffie,Mount McDuffie,California,Fresno,,13282,4048,,37.0735254,-118.6439192,263340,Q49053594,https://en.wikipedia.org/wiki/Mount_McDuffie,ca-13ers,https://upload.wikimedia.org/wikipedia/commons/6/6b/Mt._McDuffie.jpg,Public domain,,Christopher Ryerson,https://commons.wikimedia.org/wiki/File:Mt._McDuffie.jpg,"Christopher Ryerson, Public domain, via Wikimedia Commons",USGS GNIS feature 263340,True,False,
ca-deerhorn-mountain,Deerhorn Mountain,California,Tulare,,13281,4048,,36.7129628,-118.4104496,222217,,,ca-13ers,,,,,,,USGS GNIS feature 222217,True,False,
ca-aperture-peak,Aperture Peak,California,Inyo,,13265,4043,,37.1180306,-118.5304725,1667267,Q35724357,https://en.wikipedia.org/wiki/Aperture_Peak,ca-13ers,https://upload.wikimedia.org/wikipedia/commons/7/73/Aperture_Peak.jpg,CC BY-SA 2.5,https://creativecommons.org/licenses/by-sa/2.5,Jonathan Fox,https://commons.wikimedia.org/wiki/File:Aperture_Peak.jpg,"Jonathan Fox, CC BY-SA 2.5, via Wikimedia Commons",USGS GNIS feature 1667267,True,False,
ca-mount-bradley,Mount Bradley,California,Inyo,,13264,4043,,36.7286434,-118.3387174,257428,Q20714865,https://en.wikipedia.org/wiki/Mount_Bradley_%28Inyo_County%2C_California%29,ca-13ers,https://upload.wikimedia.org/wikipedia/commons/f/f6/Mount_Bradley_from_Forester_Pass.jpg,CC BY 2.0,https://creativecommons.org/licenses/by/2.0,fredsharples,https://commons.wikimedia.org/wiki/File:Mount_Bradley_from_Forester_Pass.jpg,"fredsharples, CC BY 2.0, via Wikimedia Commons",USGS GNIS feature 257428,True,False,
ca-mount-goethe,Mount Goethe,California,Fresno,,13264,4043,,37.2061483,-118.7022982,1658630,Q20714878,https://en.wikipedia.org/wiki/Mount_Goethe,ca-13ers,https://upload.wikimedia.org/wikipedia/commons/9/9d/Muriel_Peak%2C_Mount_Goethe.jpg,CC BY 2.0,https://creativecommons.org/licenses/by/2.0,Jesse Wagstaff,"https://commons.wikimedia.org/wiki/File:Muriel_Peak,_Mount_Goethe.jpg","Jesse Wagstaff, CC BY 2.0, via Wikimedia Commons",USGS GNIS feature 1658630,True,False,
ca-mount-tom-ross,Mount Tom Ross,California,,,13253,4040,,37.1785,-118.6641,,,,ca-13ers,,,,,,,Vulgarian Ramblers peak detail page (WGS84),False,False,
ca-gendarme-peak,Gendarme Peak,California,Inyo,,13252,4039,,37.1269665,-118.5312902,252145,,,ca-13ers,,,,,,,USGS GNIS feature 252145,True,True,
ca-feather-peak,Feather Peak,California,Fresno,,13242,4036,,37.3256785,-118.7784413,1667331,Q49028672,https://en.wikipedia.org/wiki/Feather_Peak,ca-13ers,https://upload.wikimedia.org/wikipedia/commons/a/a8/Feather_Peak%2C_east_aspect.jpg,CC BY-SA 2.0,https://creativecommons.org/licenses/by-sa/2.0,Jonathan Fox,"https://commons.wikimedia.org/wiki/File:Feather_Peak,_east_aspect.jpg","Jonathan Fox, CC BY-SA 2.0, via Wikimedia Commons",USGS GNIS feature 1667331,True,False,
ca-south-basin-peak,South Basin Peak,California,,,13240,4036,,37.2912,-118.6725,,,,ca-13ers,,,,,,,Vulgarian Ramblers peak detail page (WGS84),False,False,
ca-south-guard,South Guard,California,Tulare,,13232,4033,,36.693459,-118.483874,235072,Q49075822,https://en.wikipedia.org/wiki/South_Guard,ca-13ers,https://upload.wikimedia.org/wikipedia/commons/f/ff/South_Guard_from_Glen_Pass.jpg,CC BY-SA 3.0,https://creativecommons.org/licenses/by-sa/3.0,Will Keightley,https://commons.wikimedia.org/wiki/File:South_Guard_from_Glen_Pass.jpg,"Will Keightley, CC BY-SA 3.0, via Wikimedia Commons",USGS GNIS feature 235072,True,False,
ca-adamson-point,Adamson Point,California,,,13232,4033,,37.3962,-118.7125,,,,ca-13ers,,,,,,,Vulgarian Ramblers peak detail page (WGS84),False,True,
ca-utm692591,UTM692591,California,,,13228,4032,,36.6704,-118.4643,,,,ca-13ers,,,,,,,Vulgarian Ramblers peak detail page (WGS84),True,False,
ca-mount-carl-heller,Mount Carl Heller,California,,,13225,4031,,36.6114,-118.2985,,Q112740818,https://en.wikipedia.org/wiki/Mount_Carl_Heller,ca-13ers,https://upload.wikimedia.org/wikipedia/commons/3/3c/Carl_Heller_mtn.jpg,CC BY-SA 4.0,https://creativecommons.org/licenses/by-sa/4.0,Eggbones,https://commons.wikimedia.org/wiki/File:Carl_Heller_mtn.jpg,"Eggbones, CC BY-SA 4.0, via Wikimedia Commons",Vulgarian Ramblers peak detail page (WGS84),False,False,
ca-mount-julius-caesar,Mount Julius Caesar,California,Fresno,,13219,4029,,37.3567335,-118.7816664,262037,Q49053259,https://en.wikipedia.org/wiki/Mount_Julius_Caesar,ca-13ers,https://upload.wikimedia.org/wikipedia/commons/b/b7/Julius_Caesar_mtn.jpg,CC BY-SA 4.0,https://creativecommons.org/licenses/by-sa/4.0,Eggbones,https://commons.wikimedia.org/wiki/File:Julius_Caesar_mtn.jpg,"Eggbones, CC BY-SA 4.0, via Wikimedia Commons",USGS GNIS feature 262037,True,False,
ca-mount-warlow,Mount Warlow,California,Fresno,,13206,4025,,37.1284231,-118.6747173,1660127,Q49055084,https://en.wikipedia.org/wiki/Mount_Warlow,ca-13ers,https://upload.wikimedia.org/wikipedia/commons/9/9e/Mt._Warlow_from_Muir_Pass.jpg,CC BY-SA 2.0,https://creativecommons.org/licenses/by-sa/2.0,Edward Rice,https://commons.wikimedia.org/wiki/File:Mt._Warlow_from_Muir_Pass.jpg,"Edward Rice, CC BY-SA 2.0, via Wikimedia Commons",USGS GNIS feature 1660127,True,False,
ca-mount-emerson,Mount Emerson,California,Inyo,,13204,4025,,37.2447003,-118.6597284,1658498,Q18391301,https://en.wikipedia.org/wiki/Mount_Emerson_%28California%29,ca-13ers,https://upload.wikimedia.org/wikipedia/commons/4/43/Mount_Emerson_Summit_Ridge.JPG,CC BY-SA 4.0,https://creativecommons.org/licenses/by-sa/4.0,Adorabutton,https://commons.wikimedia.org/wiki/File:Mount_Emerson_Summit_Ridge.JPG,"Adorabutton, CC BY-SA 4.0, via Wikimedia Commons",USGS GNIS feature 1658498,True,False,
ca-ruby-peak,Ruby Peak,California,,,13188,4020,,37.4089,-118.7821,,Q7376366,https://en.wikipedia.org/wiki/Ruby_Peak_%28California%29,ca-13ers,https://upload.wikimedia.org/wikipedia/commons/7/78/Ruby_Wall.jpg,CC BY-SA 2.0,https://creativecommons.org/licenses/by-sa/2.0,Jonathan Fox,https://commons.wikimedia.org/wiki/File:Ruby_Wall.jpg,"Jonathan Fox, CC BY-SA 2.0, via Wikimedia Commons",Vulgarian Ramblers peak detail page (WGS84),False,False,
ca-utm690535,UTM690535,California,,,13186,4019,,36.62,-118.4656,,,,ca-13ers,,,,,,,Vulgarian Ramblers peak detail page (WGS84),True,False,
ca-mount-hitchcock,Mount Hitchcock,California,Tulare,,13186,4019,,36.5548662,-118.3118521,261373,Q49053041,https://en.wikipedia.org/wiki/Mount_Hitchcock_%28California%29,ca-13ers,https://upload.wikimedia.org/wikipedia/commons/3/35/Mount_Hitchcock_from_ENE.jpg,CC BY 2.0,https://creativecommons.org/licenses/by/2.0,The Greater Southwestern Exploration Company,https://commons.wikimedia.org/wiki/File:Mount_Hitchcock_from_ENE.jpg,"The Greater Southwestern Exploration Company, CC BY 2.0, via Wikimedia Commons",USGS GNIS feature 261373,True,False,
ca-acrodectes-peak,Acrodectes Peak,California,Fresno,,13182,4018,,36.8606857,-118.3751609,256109,Q4675751,https://en.wikipedia.org/wiki/Acrodectes_Peak,ca-13ers,,,,,,,USGS GNIS feature 256109,True,False,
ca-basin-mountain,Basin Mountain,California,Inyo,,13181,4018,,37.2961432,-118.6604094,256577,Q4867491,https://en.wikipedia.org/wiki/Basin_Mountain_%28California%29,ca-13ers,https://upload.wikimedia.org/wikipedia/commons/a/a0/Basin_Mountain.jpg,CC BY 2.0,https://creativecommons.org/licenses/by/2.0,Justin,https://commons.wikimedia.org/wiki/File:Basin_Mountain.jpg,"Justin, CC BY 2.0, via Wikimedia Commons",USGS GNIS feature 256577,True,False,
ca-mount-wynne,Mount Wynne,California,Fresno,,13179,4017,,36.9380113,-118.4029183,269328,Q49055296,https://en.wikipedia.org/wiki/Mount_Wynne,ca-13ers,https://upload.wikimedia.org/wikipedia/commons/7/74/Mount_Wynne.jpg,CC BY 4.0,https://creativecommons.org/licenses/by/4.0,Martin Bravenboer,https://commons.wikimedia.org/wiki/File:Mount_Wynne.jpg,"Martin Bravenboer, CC BY 4.0, via Wikimedia Commons",USGS GNIS feature 269328,True,False,
ca-striped-mountain,Striped Mountain,California,Fresno,,13179,4017,,36.9656207,-118.4037659,1659889,Q49078877,https://en.wikipedia.org/wiki/Striped_Mountain,ca-13ers,https://upload.wikimedia.org/wikipedia/commons/a/ab/Striped_Mountain.jpg,CC BY-SA 2.5,https://creativecommons.org/licenses/by-sa/2.5,David Bakken,https://commons.wikimedia.org/wiki/File:Striped_Mountain.jpg,"David Bakken, CC BY-SA 2.5, via Wikimedia Commons",USGS GNIS feature 1659889,True,False,
ca-mount-young,Mount Young,California,Tulare,,13176,4016,,36.5810416,-118.3276232,269373,Q49055318,https://en.wikipedia.org/wiki/Mount_Young_%28California%29,ca-13ers,https://upload.wikimedia.org/wikipedia/commons/f/f5/Dawn_hitting_Mount_Young.jpg,CC BY-SA 2.0,https://creativecommons.org/licenses/by-sa/2.0,Mitch Barrie,https://commons.wikimedia.org/wiki/File:Dawn_hitting_Mount_Young.jpg,"Mitch Barrie, CC BY-SA 2.0, via Wikimedia Commons",USGS GNIS feature 269373,True,False,
ca-utm528173,UTM528173,California,,,13172,4015,,37.1922,-118.6595,,,,ca-13ers,,,,,,,Vulgarian Ramblers peak detail page (WGS84),True,True,
ca-mount-chamberlin,Mount Chamberlin,California,Tulare,,13169,4014,,36.5335419,-118.3106544,258188,Q49052278,https://en.wikipedia.org/wiki/Mount_Chamberlin_%28California%29,ca-13ers,https://upload.wikimedia.org/wikipedia/commons/6/66/Sunrise_on_Mt._Chamberlin.jpg,CC BY-SA 2.0,https://creativecommons.org/licenses/by-sa/2.0,Ken Lund,https://commons.wikimedia.org/wiki/File:Sunrise_on_Mt._Chamberlin.jpg,"Ken Lund, CC BY-SA 2.0, via Wikimedia Commons",USGS GNIS feature 258188,True,False,
nm-wheeler-peak,Wheeler Peak,New Mexico,Taos,,13167.0,4013.3,,36.5569142,-105.416856,928839,Q1505965,https://en.wikipedia.org/wiki/Wheeler_Peak_%28New_Mexico%29,us-state-highpoints,https://upload.wikimedia.org/wikipedia/commons/f/f8/Wheeler_Peak%2C_NM.JPG,CC BY-SA 3.0,https://creativecommons.org/licenses/by-sa/3.0,Davishan99,"https://commons.wikimedia.org/wiki/File:Wheeler_Peak,_NM.JPG","Davishan99, CC BY-SA 3.0, via Wikimedia Commons",USGS GNIS feature 928839,,,
ca-ericsson-crag-1,Ericsson Crag 1,California,,,13159,4011,,36.7002,-118.4173,,,,ca-13ers,,,,,,,Vulgarian Ramblers peak detail page (WGS84),True,True,
nv-boundary-peak,Boundary Peak,Nevada,Esmeralda,,13146.7,4007.1,,37.846072,-118.3510759,857652,Q573205,https://en.wikipedia.org/wiki/Boundary_Peak_%28Nevada%29,us-state-highpoints,https://upload.wikimedia.org/wikipedia/commons/6/6d/Boundary_Peak_Nevada_USA.jpg,Public domain,,An63ca (talk · contribs),https://commons.wikimedia.org/wiki/File:Boundary_Peak_Nevada_USA.jpg,"An63ca (talk · contribs), Public domain, via Wikimedia Commons",USGS GNIS feature 857652,,,
ca-mount-ritter,Mount Ritter,California,Madera,,13143,4006,,37.6889653,-119.199575,1659516,Q841110,https://en.wikipedia.org/wiki/Mount_Ritter,ca-13ers,https://upload.wikimedia.org/wikipedia/commons/6/6b/Ritter_and_banner.jpg,CC BY-SA 2.0,https://creativecommons.org/licenses/by-sa/2.0,Mel,https://commons.wikimedia.org/wiki/File:Ritter_and_banner.jpg,"Mel, CC BY-SA 2.0, via Wikimedia Commons",USGS GNIS feature 1659516,True,False,
ca-picture-peak,Picture Peak,California,,,13140,4005,,37.1507,-118.6492,,Q106778525,https://en.wikipedia.org/wiki/Picture_Peak,ca-13ers,https://upload.wikimedia.org/wikipedia/commons/f/f0/Picture_Peak_refection.jpg,CC BY 2.5,https://creativecommons.org/licenses/by/2.5,"Jeff P from Berkeley, CA, USA",https://commons.wikimedia.org/wiki/File:Picture_Peak_refection.jpg,"Jeff P from Berkeley, CA, USA, CC BY 2.5, via Wikimedia Commons",Vulgarian Ramblers peak detail page (WGS84),False,True,
ca-mount-baxter,Mount Baxter,California,Inyo,,13136,4004,,36.8614378,-118.3622199,256603,Q6919648,https://en.wikipedia.org/wiki/Mount_Baxter_%28California%29,ca-13ers,,,,,,,USGS GNIS feature 256603,True,False,
ca-red-slate-mountain,Red Slate Mountain,California,Fresno,,13136,4004,,37.5074478,-118.8691504,265332,Q1405920,https://en.wikipedia.org/wiki/Red_Slate_Mountain,ca-13ers,https://upload.wikimedia.org/wikipedia/commons/2/20/Red_Slate_Mountain_1.jpg,CC BY-SA 3.0,http://creativecommons.org/licenses/by-sa/3.0/,Poppy (talk · contribs),https://commons.wikimedia.org/wiki/File:Red_Slate_Mountain_1.jpg,"Poppy (talk · contribs), CC BY-SA 3.0, via Wikimedia Commons",USGS GNIS feature 265332,True,False,
ca-diamond-peak,Diamond Peak,California,Inyo,,13127,4001,,36.8263593,-118.3902722,259348,Q39070604,https://en.wikipedia.org/wiki/Diamond_Peak_%28California%29,ca-13ers,https://upload.wikimedia.org/wikipedia/commons/d/d1/Rae_Lakes_Basin%2C_from_Glen_Pass.jpg,CC BY-SA 2.0,https://creativecommons.org/licenses/by-sa/2.0,Edward Rice,"https://commons.wikimedia.org/wiki/File:Rae_Lakes_Basin,_from_Glen_Pass.jpg","Edward Rice, CC BY-SA 2.0, via Wikimedia Commons",USGS GNIS feature 259348,True,False,
ca-checkered-demon,Checkered Demon,California,,,13121,3999,,37.2584,-118.6605,,,,ca-13ers,,,,,,,Vulgarian Ramblers peak detail page (WGS84),False,False,
ca-mount-lyell,Mount Lyell,California,Tuolumne,,13114,3997,,37.7394124,-119.2718879,263079,Q5052276,https://en.wikipedia.org/wiki/Cathedral_Range,ca-13ers,https://upload.wikimedia.org/wikipedia/commons/a/a8/Cathedral_Range_showing_Unicorn_Peak_and_Cathedral_Peak.jpg,CC BY-SA 4.0,https://creativecommons.org/licenses/by-sa/4.0,Kaitymh,https://commons.wikimedia.org/wiki/File:Cathedral_Range_showing_Unicorn_Peak_and_Cathedral_Peak.jpg,"Kaitymh, CC BY-SA 4.0, via Wikimedia Commons",USGS GNIS feature 263079,True,False,
ca-mount-gilbert,Mount Gilbert,California,Fresno,,13106,3995,,37.1363688,-118.5982233,260560,Q49052814,https://en.wikipedia.org/wiki/Mount_Gilbert_%28California%29,ca-13ers,https://upload.wikimedia.org/wikipedia/commons/3/3e/Mts._Johnson_and_Gilbert.jpg,CC BY-SA 2.0,https://creativecommons.org/licenses/by-sa/2.0,lovz2hike,https://commons.wikimedia.org/wiki/File:Mts._Johnson_and_Gilbert.jpg,"lovz2hike, CC BY-SA 2.0, via Wikimedia Commons",USGS GNIS feature 260560,True,False,
ca-utm722049,UTM722049,California,,,13104,3994,,37.0835,-118.4395,,,,ca-13ers,,,,,,,Vulgarian Ramblers peak detail page (WGS84),True,False,
ca-merriam-peak,Merriam Peak,California,Fresno,,13103,3994,,37.3091265,-118.7652123,263460,Q49049265,https://en.wikipedia.org/wiki/Merriam_Peak_%28California%29,ca-13ers,https://upload.wikimedia.org/wikipedia/commons/7/73/Mt_Merriam.jpg,CC BY-SA 4.0,https://creativecommons.org/licenses/by-sa/4.0,Eggbones,https://commons.wikimedia.org/wiki/File:Mt_Merriam.jpg,"Eggbones, CC BY-SA 4.0, via Wikimedia Commons",USGS GNIS feature 263460,True,False,
ca-charybdis,Charybdis,California,Fresno,,13096,3992,,37.0868537,-118.6681692,258225,Q30144894,https://en.wikipedia.org/wiki/Charybdis_%28mountain%29,ca-13ers,,,,,,,USGS GNIS feature 258225,True,False,
ca-mount-huxley,Mount Huxley,California,Fresno,,13086,3989,,37.1360363,-118.6827388,261665,Q49053149,https://en.wikipedia.org/wiki/Mount_Huxley_%28California%29,ca-13ers,https://upload.wikimedia.org/wikipedia/commons/a/ac/Sapphire_Lake_%2815465461502%29.jpg,CC BY 2.0,https://creativecommons.org/licenses/by/2.0,"Jeff P from Berkeley, CA, USA",https://commons.wikimedia.org/wiki/File:Sapphire_Lake_(15465461502).jpg,"Jeff P from Berkeley, CA, USA, CC BY 2.0, via Wikimedia Commons",USGS GNIS feature 261665,True,False,
ca-mount-goode,Mount Goode,California,Inyo,,13085,3988,,37.1230273,-118.5681061,260697,Q49052848,https://en.wikipedia.org/wiki/Mount_Goode_%28California%29,ca-13ers,https://upload.wikimedia.org/wikipedia/commons/e/e9/Mount_Goode%2C_Bishop_Pass_Trail.jpg,CC BY 2.0,https://creativecommons.org/licenses/by/2.0,Dan Nevill,"https://commons.wikimedia.org/wiki/File:Mount_Goode,_Bishop_Pass_Trail.jpg","Dan Nevill, CC BY 2.0, via Wikimedia Commons",USGS GNIS feature 260697,True,False,
ca-seven-gables,Seven Gables,California,Fresno,,13080,3987,,37.3108778,-118.8335229,232819,Q49072345,https://en.wikipedia.org/wiki/Seven_Gables,ca-13ers,https://upload.wikimedia.org/wikipedia/commons/b/bd/Seven_Gables_in_Sierra_Nevada.jpg,CC BY-SA 2.0,https://creativecommons.org/licenses/by-sa/2.0,Jonathan Fox,https://commons.wikimedia.org/wiki/File:Seven_Gables_in_Sierra_Nevada.jpg,"Jonathan Fox, CC BY-SA 2.0, via Wikimedia Commons",USGS GNIS feature 232819,True,False,
ca-utm888455,UTM888455,California,,,13074,3985,,36.5505,-118.2426,,,,ca-13ers,,,,,,,Vulgarian Ramblers peak detail page (WGS84),True,False,
ca-utm762773,UTM762773,California,,,13071,3984,,36.8352,-118.3897,,,,ca-13ers,,,,,,,Vulgarian Ramblers peak detail page (WGS84),True,False,
ca-twin-peaks,Twin Peaks,California,,,13061,3981,,37.0361,-118.4519,,,,ca-13ers,,,,,,,Vulgarian Ramblers peak detail page (WGS84),False,False,
ca-mount-dana,Mount Dana,California,Tuolumne,,13057,3980,,37.8996859,-119.2212492,1655123,Q1862168,https://en.wikipedia.org/wiki/Mount_Dana,ca-13ers,https://upload.wikimedia.org/wikipedia/commons/6/62/Mount_Dana.jpg,CC BY 3.0,https://creativecommons.org/licenses/by/3.0,Hike395 (talk · contribs),https://commons.wikimedia.org/wiki/File:Mount_Dana.jpg,"Hike395 (talk · contribs), CC BY 3.0, via Wikimedia Commons",USGS GNIS feature 1655123,True,False,
ca-mount-genevra,Mount Genevra,California,Tulare,,13054,3979,,36.6833075,-118.4343247,224113,Q49052794,https://en.wikipedia.org/wiki/Mount_Genevra,ca-13ers,https://upload.wikimedia.org/wikipedia/commons/5/5d/East_Lake%2C_Mount_Genevra.jpg,CC BY 2.0,https://creativecommons.org/licenses/by/2.0,breic,"https://commons.wikimedia.org/wiki/File:East_Lake,_Mount_Genevra.jpg","breic, CC BY 2.0, via Wikimedia Commons",USGS GNIS feature 224113,True,False,
ca-mount-mary-austin,Mount Mary Austin,California,Inyo,,13051,3978,,36.8149209,-118.3627341,1659072,Q6922043,https://en.wikipedia.org/wiki/Mount_Mary_Austin,ca-13ers,https://upload.wikimedia.org/wikipedia/commons/4/47/Mount_Mary_Austin.jpg,CC BY-SA 2.5,https://creativecommons.org/licenses/by-sa/2.5,inkknife_2000,https://commons.wikimedia.org/wiki/File:Mount_Mary_Austin.jpg,"inkknife_2000, CC BY-SA 2.5, via Wikimedia Commons",USGS GNIS feature 1659072,True,False,
ca-utm542055,UTM542055,California,,,13041,3975,,37.0867,-118.6415,,,,ca-13ers,,,,,,,Vulgarian Ramblers peak detail page (WGS84),True,True,
ca-mount-barcroft,Mount Barcroft,California,Mono,,13040,3975,,37.5821456,-118.2481509,256508,,,ca-13ers,,,,,,,USGS GNIS feature 256508,True,False,
ca-mount-solomons,Mount Solomons,California,Fresno,,13034,3973,,37.1064573,-118.6742203,267388,Q8536439,https://en.wikipedia.org/wiki/Mount_Solomons,ca-13ers,https://upload.wikimedia.org/wikipedia/commons/5/5a/Mount_Solomons_2003.jpg,CC BY-SA 3.0,https://creativecommons.org/licenses/by-sa/3.0,Claisam (talk · contribs),https://commons.wikimedia.org/wiki/File:Mount_Solomons_2003.jpg,"Claisam (talk · contribs), CC BY-SA 3.0, via Wikimedia Commons",USGS GNIS feature 267388,True,False,
ca-polychrome-peak,Polychrome Peak,California,,,13018,3968,,36.6729,-118.3347,,,,ca-13ers,,,,,,,Vulgarian Ramblers peak detail page (WGS84),False,True,
ca-utm577135,UTM577135,California,,,13012,3966,,37.1589,-118.6035,,,,ca-13ers,,,,,,,Vulgarian Ramblers peak detail page (WGS84),True,True,
ca-wheeler-peak,Wheeler Peak,California,,,13012,3966,,37.4178,-118.6977,,,,ca-13ers,,,,,,,Vulgarian Ramblers peak detail page (WGS84),False,True,
ca-mount-gould,Mount Gould,California,Fresno,,13005,3964,,36.7797763,-118.3778757,260724,Q6920947,https://en.wikipedia.org/wiki/Mount_Gould_%28California%29,ca-13ers,https://upload.wikimedia.org/wikipedia/commons/7/74/Mt_gould_summit.jpg,CC BY-SA 2.0,https://creativecommons.org/licenses/by-sa/2.0,Justin,https://commons.wikimedia.org/wiki/File:Mt_gould_summit.jpg,"Justin, CC BY-SA 2.0, via Wikimedia Commons",USGS GNIS feature 260724,True,False,
ca-kuna-peak,Kuna Peak,California,Mono,,13002,3963,,37.812939,-119.2083218,1658924,Q18753789,https://en.wikipedia.org/wiki/Kuna_Peak,ca-13ers,https://upload.wikimedia.org/wikipedia/commons/d/d1/Shacks_on_Route_395_with_the_Kuna_Peak%2C_Parker_Peak_and_Mt._Dana_mountains_in_the_distance%2C_located_a_few_miles_from_Yosemite_National_Park_in_California_LCCN2013633177.tif,Public domain,,Carol M. Highsmith,"https://commons.wikimedia.org/wiki/File:Shacks_on_Route_395_with_the_Kuna_Peak,_Parker_Peak_and_Mt._Dana_mountains_in_the_distance,_located_a_few_miles_from_Yosemite_National_Park_in_California_LCCN2013633177.tif","Carol M. Highsmith, Public domain, via Wikimedia Commons",USGS GNIS feature 1658924,True,False,
ca-mount-morgan-north,Mount Morgan (North),California,,,13002,3963,,37.5113,-118.7798,,Q6922256,https://en.wikipedia.org/wiki/Mount_Morgan_%28Mono_County%2C_California%29,ca-13ers,https://upload.wikimedia.org/wikipedia/commons/a/a8/Mt_morgan.jpg,CC BY-SA 4.0,https://creativecommons.org/licenses/by-sa/4.0,Thumb10.40,https://commons.wikimedia.org/wiki/File:Mt_morgan.jpg,"Thumb10.40, CC BY-SA 4.0, via Wikimedia Commons",Vulgarian Ramblers peak detail page (WGS84),True,False,
mt-granite-peak,Granite Peak,Montana,Park,,12806.8,3903.5,,45.1634239,-109.807608,784177,Q599777,https://en.wikipedia.org/wiki/Granite_Peak_%28Montana%29,us-state-highpoints,https://upload.wikimedia.org/wikipedia/commons/b/be/Granite_Peak_%28Montana%29_3D_version_1.jpg,Public domain,,Asybaris01,https://commons.wikimedia.org/wiki/File:Granite_Peak_(Montana)_3D_version_1.jpg,"Asybaris01, Public domain, via Wikimedia Commons",USGS GNIS feature 784177,,,
id-borah-peak,Borah Peak,Idaho,Custer,,12668.0,3861.2,,44.1373404,-113.7811392,378037,Q893312,https://en.wikipedia.org/wiki/Borah_Peak,us-state-highpoints,https://upload.wikimedia.org/wikipedia/commons/5/59/Mount_Borah_2009.JPG,Public domain,,Leaflet,https://commons.wikimedia.org/wiki/File:Mount_Borah_2009.JPG,"Leaflet, Public domain, via Wikimedia Commons",USGS GNIS feature 378037,,,
az-humphreys-peak,Humphreys Peak,Arizona,Coconino,,12637.1,3851.8,,35.3463151,-111.6779884,30290,Q1239004,https://en.wikipedia.org/wiki/Humphreys_Peak,us-state-highpoints,https://upload.wikimedia.org/wikipedia/commons/6/6d/San_Francisco_Peaks%2C_winter.jpg,CC BY-SA 2.0,https://creativecommons.org/licenses/by-sa/2.0,Bob Blasi; Coconino National Forest,"https://commons.wikimedia.org/wiki/File:San_Francisco_Peaks,_winter.jpg","Bob Blasi; Coconino National Forest, CC BY-SA 2.0, via Wikimedia Commons",USGS GNIS feature 30290,,,
or-mount-hood,Mount Hood,Oregon,Hood River,,11249.3,3428.8,,45.3733674,-121.6957784,1143711,Q275662,https://en.wikipedia.org/wiki/Mount_Hood,us-state-highpoints,https://upload.wikimedia.org/wikipedia/commons/e/ef/Mount_Hood_reflected_in_Mirror_Lake%2C_Oregon.jpg,Public domain,,Oregon's Mt. Hood Territory.,"https://commons.wikimedia.org/wiki/File:Mount_Hood_reflected_in_Mirror_Lake,_Oregon.jpg","Oregon's Mt. Hood Territory., Public domain, via Wikimedia Commons",USGS GNIS feature 1143711,,,
tx-guadalupe-peak,Guadalupe Peak,Texas,Culberson,,8751.3,2667.4,,31.8914269,-104.8606624,1358489,Q32793,https://en.wikipedia.org/wiki/Guadalupe_Peak,us-state-highpoints,https://upload.wikimedia.org/wikipedia/commons/a/a1/Guadalupe_Nima3.JPG,CC BY-SA 3.0,https://creativecommons.org/licenses/by-sa/3.0,Zereshk,https://commons.wikimedia.org/wiki/File:Guadalupe_Nima3.JPG,"Zereshk, CC BY-SA 3.0, via Wikimedia Commons",USGS GNIS feature 1358489,,,
sd-black-elk-peak,Black Elk Peak,South Dakota,Pennington,,7244.1,2208.0,,43.865991,-103.5312013,1261770,Q1585737,https://en.wikipedia.org/wiki/Black_Elk_Peak,us-state-highpoints,https://upload.wikimedia.org/wikipedia/commons/0/00/Harneygranite.jpg,Public domain,,BHrock at English Wikipedia,https://commons.wikimedia.org/wiki/File:Harneygranite.jpg,"BHrock at English Wikipedia, Public domain, via Wikimedia Commons",USGS GNIS feature 1261770,,,
nc-mount-mitchell,Mount Mitchell,North Carolina,Yancey,,6684.1,2037.3,,35.7647624,-82.2648609,1013745,Q615337,https://en.wikipedia.org/wiki/Mount_Mitchell,us-state-highpoints,https://upload.wikimedia.org/wikipedia/commons/b/bb/Mount_Mitchell.jpg,Public domain,,,https://commons.wikimedia.org/wiki/File:Mount_Mitchell.jpg,"Unknown author, Public domain, via Wikimedia Commons",USGS GNIS feature 1013745,,,
tn-kuwohi-formerly-clingmans-dome,Kuwohi (formerly Clingmans Dome),Tennessee,Swain,,6643.0,2024.79,,35.562778,-83.498535,1326387,Q685166,https://en.wikipedia.org/wiki/Kuwohi,us-state-highpoints,https://upload.wikimedia.org/wikipedia/commons/6/62/Abies_fraseri0.jpg,Public domain,,"C. Kenneth Dodd, Jr.",https://commons.wikimedia.org/wiki/File:Abies_fraseri0.jpg,"C. Kenneth Dodd, Jr., Public domain, via Wikimedia Commons",USGS GNIS feature 1326387,,,
nh-mount-washington,Mount Washington,New Hampshire,Coos,,6288,1916.6,,44.2705781,-71.3033287,871352,Q572801,https://en.wikipedia.org/wiki/Mount_Washington,ne-67;nh-48;us-state-highpoints,https://upload.wikimedia.org/wikipedia/commons/d/d7/Mt._Washington_from_Bretton_Woods.JPG,CC BY-SA 3.0,http://creativecommons.org/licenses/by-sa/3.0/,wwoods,https://commons.wikimedia.org/wiki/File:Mt._Washington_from_Bretton_Woods.JPG,"wwoods, CC BY-SA 3.0, via Wikimedia Commons",USGS GNIS feature 871352,,,Washington
nh-mount-adams,Mount Adams,New Hampshire,Coos,,5774,1759.9,,44.3206546,-71.2915306,871380,Q1840432,https://en.wikipedia.org/wiki/Mount_Adams_%28New_Hampshire%29,ne-67;nh-48,https://upload.wikimedia.org/wikipedia/commons/3/3e/Mount_Adams_NH_from_Madison.jpg,CC BY-SA 3.0,https://creativecommons.org/licenses/by-sa/3.0,Paulba Legend (talk),https://commons.wikimedia.org/wiki/File:Mount_Adams_NH_from_Madison.jpg,"Paulba Legend (talk), CC BY-SA 3.0, via Wikimedia Commons",USGS GNIS feature 871380,,,Adams
nh-mount-jefferson,Mount Jefferson,New Hampshire,Coos,,5712,1741.0,,44.304315,-71.3166955,872101,Q6921492,https://en.wikipedia.org/wiki/Mount_Jefferson_%28New_Hampshire%29,ne-67;nh-48,https://upload.wikimedia.org/wikipedia/commons/c/c5/Mt._Jefferson_from_Mt._Washington.JPG,CC BY-SA 3.0,https://creativecommons.org/licenses/by-sa/3.0,Paulbalegend at English Wikipedia,https://commons.wikimedia.org/wiki/File:Mt._Jefferson_from_Mt._Washington.JPG,"Paulbalegend at English Wikipedia, CC BY-SA 3.0, via Wikimedia Commons",USGS GNIS feature 872101,,,Jefferson
va-mount-rogers,Mount Rogers,Virginia,Smyth,,5710.6,1740.6,,36.6599777,-81.544987,1485637,Q688645,https://en.wikipedia.org/wiki/Mount_Rogers,us-state-highpoints,https://upload.wikimedia.org/wikipedia/commons/3/39/Mount_Rogers_-_Winter.jpg,Public domain,,USDA-FS,https://commons.wikimedia.org/wiki/File:Mount_Rogers_-_Winter.jpg,"USDA-FS, Public domain, via Wikimedia Commons",USGS GNIS feature 1485637,,,
ne-panorama-point,Panorama Point,Nebraska,Kimball,,5432.1,1655.7,,41.0077144,-104.0314615,1851953,Q947553,https://en.wikipedia.org/wiki/Panorama_Point,us-state-highpoints,https://upload.wikimedia.org/wikipedia/commons/1/1f/Panorama_Point%2C_Nebraska_face_NW.JPG,CC0,http://creativecommons.org/publicdomain/zero/1.0/deed.en,Ammodramus,"https://commons.wikimedia.org/wiki/File:Panorama_Point,_Nebraska_face_NW.JPG","Ammodramus, CC0, via Wikimedia Commons",USGS GNIS feature 1851953,,,
nh-mount-monroe,Mount Monroe,New Hampshire,Coos,,5384,1641.0,,44.2552125,-71.3214183,872313,Q6922237,https://en.wikipedia.org/wiki/Mount_Monroe,ne-67;nh-48,https://upload.wikimedia.org/wikipedia/commons/f/f2/Mt-monroe_summit.jpg,Public domain,,Edison490 at English Wikipedia,https://commons.wikimedia.org/wiki/File:Mt-monroe_summit.jpg,"Edison490 at English Wikipedia, Public domain, via Wikimedia Commons",USGS GNIS feature 872313,,,Monroe
nh-mount-madison,Mount Madison,New Hampshire,Coos,,5367,1635.9,,44.3288173,-71.2767796,872247,Q6921955,https://en.wikipedia.org/wiki/Mount_Madison,ne-67;nh-48,https://upload.wikimedia.org/wikipedia/commons/f/f0/Mt._Madison_008.jpg,CC BY 3.0,https://creativecommons.org/licenses/by/3.0,Wikiuser100,https://commons.wikimedia.org/wiki/File:Mt._Madison_008.jpg,"Wikiuser100, CC BY 3.0, via Wikimedia Commons",USGS GNIS feature 872247,,,Madison
ny-mount-marcy,Mount Marcy,New York,Essex,,5344,1628.9,4914,44.11281,-73.9236546,973357,Q1858227,https://en.wikipedia.org/wiki/Mount_Marcy,adk-46ers;us-state-highpoints,https://upload.wikimedia.org/wikipedia/commons/6/65/Adirondacks_Mount_Marcy_From_Mount_Haystack.JPG,Public domain,,Daniel Tripp,https://commons.wikimedia.org/wiki/File:Adirondacks_Mount_Marcy_From_Mount_Haystack.JPG,"Daniel Tripp, Public domain, via Wikimedia Commons",USGS GNIS feature 973357,,,
me-mount-katahdin-baxter-peak,Mount Katahdin (Baxter Peak),Maine,Piscataquis,,5268,1605.7,,45.9042751,-68.9213561,561737,Q1858056,https://en.wikipedia.org/wiki/Katahdin,ne-67;us-state-highpoints,https://upload.wikimedia.org/wikipedia/commons/1/16/Katahdin.jpg,Public domain,,Rubyk at English Wikipedia,https://commons.wikimedia.org/wiki/File:Katahdin.jpg,"Rubyk at English Wikipedia, Public domain, via Wikimedia Commons",USGS GNIS feature 561737,,,Katahdin;Mount Katahdin
nh-mount-lafayette,Mount Lafayette,New Hampshire,Grafton,,5249,1599.9,,44.1608182,-71.6444575,872150,Q8520336,https://en.wikipedia.org/wiki/Mount_Lafayette,ne-67;nh-48,https://upload.wikimedia.org/wikipedia/commons/d/d1/Mt._Lafayette_from_Franconia_Ridge.JPG,CC BY-SA 3.0,https://creativecommons.org/licenses/by-sa/3.0,User:Paulbalegend,https://commons.wikimedia.org/wiki/File:Mt._Lafayette_from_Franconia_Ridge.JPG,"User:Paulbalegend, CC BY-SA 3.0, via Wikimedia Commons",USGS GNIS feature 872150,,,Lafayette
ny-algonquin-peak,Algonquin Peak,New York,Essex,,5114,1558.7,2100,44.1434788,-73.9867074,973340,Q4724340,https://en.wikipedia.org/wiki/Algonquin_Peak,adk-46ers,https://upload.wikimedia.org/wikipedia/commons/2/29/Algonquin_Peak.png,Public domain,,Percious,https://commons.wikimedia.org/wiki/File:Algonquin_Peak.png,"Percious, Public domain, via Wikimedia Commons",USGS GNIS feature 973340,,,
nh-mount-lincoln,Mount Lincoln,New Hampshire,Grafton,,5089,1551.1,,44.1489451,-71.6445258,872176,Q6921845,https://en.wikipedia.org/wiki/Mount_Lincoln_%28New_Hampshire%29,ne-67;nh-48,https://upload.wikimedia.org/wikipedia/commons/0/08/Mount_Lincoln_from_Little_Haystack.JPG,CC BY-SA 3.0,https://creativecommons.org/licenses/by-sa/3.0,Paulba Legend,https://commons.wikimedia.org/wiki/File:Mount_Lincoln_from_Little_Haystack.JPG,"Paulba Legend, CC BY-SA 3.0, via Wikimedia Commons",USGS GNIS feature 872176,,,Lincoln
ok-black-mesa,Black Mesa,Oklahoma,,,4975.1,1516.4,,36.9318,-102.9979,,Q880398,https://en.wikipedia.org/wiki/Black_Mesa_%28Oklahoma%2C_Colorado%2C_New_Mexico%29,us-state-highpoints,https://upload.wikimedia.org/wikipedia/commons/5/5d/Black_Mesa_summit%2C_Oklahoma.jpg,CC BY-SA 3.0,https://creativecommons.org/licenses/by-sa/3.0,Gilderien,"https://commons.wikimedia.org/wiki/File:Black_Mesa_summit,_Oklahoma.jpg","Gilderien, CC BY-SA 3.0, via Wikimedia Commons",Wikipedia Black Mesa (Oklahoma),,,
ny-mount-haystack,Mount Haystack,New York,Essex,,4960,1511.8,840,44.1056555,-73.9006127,973353,Q6921097,https://en.wikipedia.org/wiki/Mount_Haystack,adk-46ers,https://upload.wikimedia.org/wikipedia/commons/9/93/Adirondacks_Mount_Haystack_from_Little_Haystack.JPG,Public domain,,(Daniel Tripp),https://commons.wikimedia.org/wiki/File:Adirondacks_Mount_Haystack_from_Little_Haystack.JPG,"(Daniel Tripp), Public domain, via Wikimedia Commons",USGS GNIS feature 973353,,,
ny-mount-skylight,Mount Skylight,New York,Essex,,4924,1500.8,578,44.0995603,-73.9310205,973360,Q6923718,https://en.wikipedia.org/wiki/Mount_Skylight,adk-46ers,https://upload.wikimedia.org/wikipedia/commons/1/19/Mount_Skylight.jpg,Public domain,,Mld74 at English Wikipedia,https://commons.wikimedia.org/wiki/File:Mount_Skylight.jpg,"Mld74 at English Wikipedia, Public domain, via Wikimedia Commons",USGS GNIS feature 973360,,,
nh-south-twin-mountain,South Twin Mountain,New Hampshire,Grafton,,4902,1494.1,,44.187556,-71.5548018,872710,Q7568685,https://en.wikipedia.org/wiki/South_Twin_Mountain_%28New_Hampshire%29,ne-67;nh-48,https://upload.wikimedia.org/wikipedia/commons/7/70/South_Twin.jpg,CC BY-SA 2.0,https://creativecommons.org/licenses/by-sa/2.0,Tim Sackton,https://commons.wikimedia.org/wiki/File:South_Twin.jpg,"Tim Sackton, CC BY-SA 2.0, via Wikimedia Commons",USGS GNIS feature 872710,,,South Twin
ny-whiteface-mountain,Whiteface Mountain,New York,Essex,,4867,1483.5,3110,44.3658651,-73.9031391,973364,Q3434515,https://en.wikipedia.org/wiki/Whiteface_Mountain,adk-46ers,https://upload.wikimedia.org/wikipedia/commons/3/32/Whiteface_Mountain_from_Lake_Placid_Airport.JPG,CC BY-SA 3.0,https://creativecommons.org/licenses/by-sa/3.0,Mwanner,https://commons.wikimedia.org/wiki/File:Whiteface_Mountain_from_Lake_Placid_Airport.JPG,"Mwanner, CC BY-SA 3.0, via Wikimedia Commons",USGS GNIS feature 973364,,,
wv-spruce-knob,Spruce Knob,West Virginia,Pendleton,,4862.2,1482.0,,38.6998284,-79.5328253,1553014,Q7581425,https://en.wikipedia.org/wiki/Spruce_Mountain_%28West_Virginia%29,us-state-highpoints,https://upload.wikimedia.org/wikipedia/commons/5/5c/JudyRocks.JPG,CC BY-SA 3.0,https://creativecommons.org/licenses/by-sa/3.0,Valerius Tygart,https://commons.wikimedia.org/wiki/File:JudyRocks.JPG,"Valerius Tygart, CC BY-SA 3.0, via Wikimedia Commons",USGS GNIS feature 1553014,,,
ny-dix-mountain,Dix Mountain,New York,Essex,,4857,1480.4,2830,44.0822139,-73.7865046,973347,Q5284763,https://en.wikipedia.org/wiki/Dix_Mountain,adk-46ers,https://upload.wikimedia.org/wikipedia/commons/8/84/Dix_and_Hough_seen_from_Nippletop.jpg,Public domain,,petersent,https://commons.wikimedia.org/wiki/File:Dix_and_Hough_seen_from_Nippletop.jpg,"petersent, Public domain, via Wikimedia Commons",USGS GNIS feature 973347,,,
ny-gray-peak,Gray Peak,New York,Essex,,4840,1475.2,102,44.1116276,-73.935016,973351,Q5598218,https://en.wikipedia.org/wiki/Gray_Peak_%28New_York%29,adk-46ers,https://upload.wikimedia.org/wikipedia/commons/a/ac/Gray_Peak_from_Mount_Marcy.jpg,CC BY-SA 3.0,http://creativecommons.org/licenses/by-sa/3.0/,Aepstein607 at English Wikipedia,https://commons.wikimedia.org/wiki/File:Gray_Peak_from_Mount_Marcy.jpg,"Aepstein607 at English Wikipedia, CC BY-SA 3.0, via Wikimedia Commons",USGS GNIS feature 973351,,,
ny-iroquois-peak,Iroquois Peak,New York,Essex,,4840,1475.2,151,44.1368433,-73.9982027,973355,Q6073461,https://en.wikipedia.org/wiki/Iroquois_Peak,adk-46ers,https://upload.wikimedia.org/wikipedia/commons/8/8c/Iroquois_Peak_from_Algonquin_Peak.jpg,CC BY-SA 3.0,http://creativecommons.org/licenses/by-sa/3.0/,Aepstein607 at English Wikipedia,https://commons.wikimedia.org/wiki/File:Iroquois_Peak_from_Algonquin_Peak.jpg,"Aepstein607 at English Wikipedia, CC BY-SA 3.0, via Wikimedia Commons",USGS GNIS feature 973355,,,
nh-carter-dome,Carter Dome,New Hampshire,Coos,,4832,1472.8,,44.2673401,-71.1792622,871629,Q4216195,https://en.wikipedia.org/wiki/Carter_Dome,ne-67;nh-48,https://upload.wikimedia.org/wikipedia/commons/0/09/Carter_Dome_seen_from_Mt_Hight.JPG,Public domain,,Petersent,https://commons.wikimedia.org/wiki/File:Carter_Dome_seen_from_Mt_Hight.JPG,"Petersent, Public domain, via Wikimedia Commons",USGS GNIS feature 871629,,,
ny-basin-mountain,Basin Mountain,New York,Essex,,4827,1471.3,725,44.1213641,-73.8863814,973341,Q4867492,https://en.wikipedia.org/wiki/Basin_Mountain_%28New_York%29,adk-46ers,https://upload.wikimedia.org/wikipedia/commons/e/e4/Basin_Mountain_%28NY%29.jpg,CC BY-SA 3.0,http://creativecommons.org/licenses/by-sa/3.0/,Aepstein607 at English Wikipedia,https://commons.wikimedia.org/wiki/File:Basin_Mountain_(NY).jpg,"Aepstein607 at English Wikipedia, CC BY-SA 3.0, via Wikimedia Commons",USGS GNIS feature 973341,,,
nh-mount-moosilauke,Mount Moosilauke,New Hampshire,Grafton,,4802,1463.6,,44.024502,-71.8309164,872324,Q3321961,https://en.wikipedia.org/wiki/Mount_Moosilauke,ne-67;nh-48,https://upload.wikimedia.org/wikipedia/commons/b/b7/Mtmoosilaukeprofile.jpg,CC BY 3.0,https://creativecommons.org/licenses/by/3.0,Jrclark (talk),https://commons.wikimedia.org/wiki/File:Mtmoosilaukeprofile.jpg,"Jrclark (talk), CC BY 3.0, via Wikimedia Commons",USGS GNIS feature 872324,,,Moosilauke
ga-brasstown-bald,Brasstown Bald,Georgia,Towns,,4784.1,1458.2,,34.8741923,-83.8106479,354839,Q842924,https://en.wikipedia.org/wiki/Brasstown_Bald,us-state-highpoints,https://upload.wikimedia.org/wikipedia/commons/f/f3/Brasstown_Bald_Visit.jpg,Public domain,,,https://commons.wikimedia.org/wiki/File:Brasstown_Bald_Visit.jpg,"Unknown author, Public domain, via Wikimedia Commons",USGS GNIS feature 354839,,,
nh-mount-eisenhower,Mount Eisenhower,New Hampshire,Coos,,4780,1456.9,,44.2407341,-71.3501812,871851,Q200690,https://en.wikipedia.org/wiki/Mount_Eisenhower,ne-67;nh-48,https://upload.wikimedia.org/wikipedia/commons/5/54/Mount_Eisenhower.JPG,CC BY-SA 2.5,https://creativecommons.org/licenses/by-sa/2.5,The original uploader was Canderson7 at English Wikipedia.,https://commons.wikimedia.org/wiki/File:Mount_Eisenhower.JPG,"The original uploader was Canderson7 at English Wikipedia., CC BY-SA 2.5, via Wikimedia Commons",USGS GNIS feature 871851,,,Eisenhower
nh-north-twin-mountain,North Twin Mountain,New Hampshire,Grafton,,4761,1451.2,,44.2025557,-71.5578576,872408,Q7057046,https://en.wikipedia.org/wiki/North_Twin_Mountain_%28New_Hampshire%29,ne-67;nh-48,https://upload.wikimedia.org/wikipedia/commons/2/24/North_Twin_Mountain_%28New_Hampshire%29.jpg,Public domain,,Ken Gallager at English Wikipedia,https://commons.wikimedia.org/wiki/File:North_Twin_Mountain_(New_Hampshire).jpg,"Ken Gallager at English Wikipedia, Public domain, via Wikimedia Commons",USGS GNIS feature 872408,,,North Twin
me-katahdin-hamlin-peak,Katahdin (Hamlin Peak),Maine,Piscataquis,,4756,1449.6,,45.9241506,-68.9276699,567535,Q5645488,https://en.wikipedia.org/wiki/Hamlin_Peak,ne-67,https://upload.wikimedia.org/wikipedia/commons/d/dd/Hamlin_Peak_seen_from_Baxter_Peak.jpg,CC BY-SA 4.0,https://creativecommons.org/licenses/by-sa/4.0,Fredlyfish4,https://commons.wikimedia.org/wiki/File:Hamlin_Peak_seen_from_Baxter_Peak.jpg,"Fredlyfish4, CC BY-SA 4.0, via Wikimedia Commons",USGS GNIS feature 567535,,,Katahdin
ny-gothics,Gothics,New York,Essex,,4736,1443.5,699,44.1277074,-73.8574282,973349,Q5587893,https://en.wikipedia.org/wiki/Gothics,adk-46ers,https://upload.wikimedia.org/wikipedia/commons/f/f6/Gothics_from_Big_Slide.jpg,CC BY-SA 3.0,https://creativecommons.org/licenses/by-sa/3.0,Mwanner,https://commons.wikimedia.org/wiki/File:Gothics_from_Big_Slide.jpg,"Mwanner, CC BY-SA 3.0, via Wikimedia Commons",USGS GNIS feature 973349,,,
ny-mount-colden,Mount Colden,New York,Essex,,4714,1436.8,876,44.1269976,-73.9598674,947091,Q6920203,https://en.wikipedia.org/wiki/Mount_Colden,adk-46ers,https://upload.wikimedia.org/wikipedia/commons/e/e4/Mount_Colden%2C_Marcy_Group%2C_Adk_High_Peaks.JPG,CC BY-SA 3.0,https://creativecommons.org/licenses/by-sa/3.0,Mwanner,"https://commons.wikimedia.org/wiki/File:Mount_Colden,_Marcy_Group,_Adk_High_Peaks.JPG","Mwanner, CC BY-SA 3.0, via Wikimedia Commons",USGS GNIS feature 947091,,,
nh-mount-carrigain,Mount Carrigain,New Hampshire,Grafton,,4700,1432.6,,44.0936537,-71.4466959,871628,Q6920061,https://en.wikipedia.org/wiki/Mount_Carrigain,ne-67;nh-48,https://upload.wikimedia.org/wikipedia/commons/2/20/Mt._Carrigain.jpg,CC BY-SA 2.0,https://creativecommons.org/licenses/by-sa/2.0,Tim Sackton,https://commons.wikimedia.org/wiki/File:Mt._Carrigain.jpg,"Tim Sackton, CC BY-SA 2.0, via Wikimedia Commons",USGS GNIS feature 871628,,,Carrigain
nh-mount-bond,Mount Bond,New Hampshire,Grafton,,4698,1432.0,,44.1528345,-71.5311895,871556,Q6919778,https://en.wikipedia.org/wiki/Mount_Bond,ne-67;nh-48,https://upload.wikimedia.org/wikipedia/commons/0/0e/Mount_Bond.jpg,Public domain,,Photo by Ken Gallager,https://commons.wikimedia.org/wiki/File:Mount_Bond.jpg,"Photo by Ken Gallager, Public domain, via Wikimedia Commons",USGS GNIS feature 871556,,,Bond
ny-giant-mountain,Giant Mountain,New York,Essex,,4627,1410.3,2953,44.1611342,-73.7201503,2611110,Q8524323,https://en.wikipedia.org/wiki/Giant_Mountain,adk-46ers,https://upload.wikimedia.org/wikipedia/commons/7/75/Giant_Mountain_%28NY%29.jpg,Public domain,,Newark777 at en.wikipedia,https://commons.wikimedia.org/wiki/File:Giant_Mountain_(NY).jpg,"Newark777 at en.wikipedia, Public domain, via Wikimedia Commons",USGS GNIS feature 2611110,,,
ny-nippletop,Nippletop,New York,Essex,,4620,1408.2,1380,44.0889063,-73.8164023,958617,Q7039599,https://en.wikipedia.org/wiki/Nippletop,adk-46ers,https://upload.wikimedia.org/wikipedia/commons/f/f7/Nippletop_from_Belfry_Mountain_May_2021.JPG,CC BY-SA 4.0,https://creativecommons.org/licenses/by-sa/4.0,420Traveler,https://commons.wikimedia.org/wiki/File:Nippletop_from_Belfry_Mountain_May_2021.JPG,"420Traveler, CC BY-SA 4.0, via Wikimedia Commons",USGS GNIS feature 958617,,,
nh-middle-carter-mountain,Middle Carter Mountain,New Hampshire,Coos,,4610,1405.1,,44.3031109,-71.1678106,872288,Q6841258,https://en.wikipedia.org/wiki/Middle_Carter_Mountain,ne-67;nh-48,https://upload.wikimedia.org/wikipedia/commons/2/20/Middle_Carter_Mtn_NH_ctr.JPG,Public domain,,petersent,https://commons.wikimedia.org/wiki/File:Middle_Carter_Mtn_NH_ctr.JPG,"petersent, Public domain, via Wikimedia Commons",USGS GNIS feature 872288,,,Middle Carter
ny-santanoni-peak,Santanoni Peak,New York,Essex,,4607,1404.2,2430,44.0822811,-74.1309855,964468,Q7420073,https://en.wikipedia.org/wiki/Santanoni_Peak,adk-46ers,https://upload.wikimedia.org/wikipedia/commons/4/45/Santanoni_Peak_seen_from_ridge.jpg,Public domain,,petersent,https://commons.wikimedia.org/wiki/File:Santanoni_Peak_seen_from_ridge.jpg,"petersent, Public domain, via Wikimedia Commons",USGS GNIS feature 964468,,,
ny-mount-redfield,Mount Redfield,New York,Essex,,4606,1403.9,242,44.094777,-73.949866,962328,Q6923164,https://en.wikipedia.org/wiki/Mount_Redfield,adk-46ers,,,,,,,USGS GNIS feature 962328,,,
ny-wright-peak,Wright Peak,New York,Essex,,4580,1396.0,270,44.1515955,-73.9797606,971754,Q8038240,https://en.wikipedia.org/wiki/Wright_Peak,adk-46ers,https://upload.wikimedia.org/wikipedia/commons/0/04/Wright_Peak_from_Mount_Jo.jpg,CC BY-SA 3.0,https://creativecommons.org/licenses/by-sa/3.0,Mwanner,https://commons.wikimedia.org/wiki/File:Wright_Peak_from_Mount_Jo.jpg,"Mwanner, CC BY-SA 3.0, via Wikimedia Commons",USGS GNIS feature 971754,,,
nh-west-bond,West Bond,New Hampshire,Grafton,,4540,1383.8,,44.1528345,-71.5311895,871556,Q6919778,https://en.wikipedia.org/wiki/Mount_Bond,ne-67;nh-48,https://upload.wikimedia.org/wikipedia/commons/0/0e/Mount_Bond.jpg,Public domain,,Photo by Ken Gallager,https://commons.wikimedia.org/wiki/File:Mount_Bond.jpg,"Photo by Ken Gallager, Public domain, via Wikimedia Commons",USGS GNIS feature 871556,,,
ny-saddleback-mountain,Saddleback Mountain,New York,Essex,,4515,1376.2,380,44.1264568,-73.8748849,970556,Q7397752,https://en.wikipedia.org/wiki/Saddleback_Mountain_%28Keene%2C_New_York%29,adk-46ers,https://upload.wikimedia.org/wikipedia/commons/8/87/Saddleback_Mountain.JPG,CC BY 3.0,https://creativecommons.org/licenses/by/3.0,PhacopsRana,https://commons.wikimedia.org/wiki/File:Saddleback_Mountain.JPG,"PhacopsRana, CC BY 3.0, via Wikimedia Commons",USGS GNIS feature 970556,,,
nh-mount-garfield,Mount Garfield,New Hampshire,Grafton,,4500,1371.6,,44.1872617,-71.6106785,871925,Q6920864,https://en.wikipedia.org/wiki/Mount_Garfield_%28New_Hampshire%29,ne-67;nh-48,https://upload.wikimedia.org/wikipedia/commons/8/87/Mt._Garfield.jpg,CC BY-SA 2.0,https://creativecommons.org/licenses/by-sa/2.0,Tim Sackton,https://commons.wikimedia.org/wiki/File:Mt._Garfield.jpg,"Tim Sackton, CC BY-SA 2.0, via Wikimedia Commons",USGS GNIS feature 871925,,,Garfield
nh-mount-liberty,Mount Liberty,New Hampshire,Grafton,,4459,1359.1,,44.1158901,-71.6420251,872169,Q6921831,https://en.wikipedia.org/wiki/Mount_Liberty_%28New_Hampshire%29,ne-67;nh-48,https://upload.wikimedia.org/wikipedia/commons/a/a0/MtLiberty.jpg,Public domain,,Ken Gallager at en.wikipedia,https://commons.wikimedia.org/wiki/File:MtLiberty.jpg,"Ken Gallager at en.wikipedia, Public domain, via Wikimedia Commons",USGS GNIS feature 872169,,,Liberty
ny-panther-peak,Panther Peak,New York,Essex,,4442,1353.9,275,44.0983915,-74.132097,959830,Q7131804,https://en.wikipedia.org/wiki/Panther_Peak,adk-46ers,https://upload.wikimedia.org/wikipedia/commons/2/29/Panther_Peak_seen_from_Bradley_Pond_leanto.jpg,Public domain,,petersent,https://commons.wikimedia.org/wiki/File:Panther_Peak_seen_from_Bradley_Pond_leanto.jpg,"petersent, Public domain, via Wikimedia Commons",USGS GNIS feature 959830,,,
nh-south-carter-mountain,South Carter Mountain,New Hampshire,Coos,,4430,1350.3,,44.2897779,-71.176635,872698,Q7566729,https://en.wikipedia.org/wiki/South_Carter_Mountain,ne-67;nh-48,https://upload.wikimedia.org/wikipedia/commons/7/7f/South_and_Middle_Carter_Mtns_NH.JPG,Public domain,,petersent,https://commons.wikimedia.org/wiki/File:South_and_Middle_Carter_Mtns_NH.JPG,"petersent, Public domain, via Wikimedia Commons",USGS GNIS feature 872698,,,South Carter
ny-table-top-mountain,Table Top Mountain,New York,Essex,,4427,1349.3,430,44.1404232,-73.9162543,966981,Q7673183,https://en.wikipedia.org/wiki/Table_Top_Mountain_%28New_York%29,adk-46ers,https://upload.wikimedia.org/wikipedia/commons/3/3f/Table_Top_Mountain_NY.jpg,CC BY 4.0,https://creativecommons.org/licenses/by/4.0,Dclemens1971,https://commons.wikimedia.org/wiki/File:Table_Top_Mountain_NY.jpg,"Dclemens1971, CC BY 4.0, via Wikimedia Commons",USGS GNIS feature 966981,,,
nh-wildcat-mountain,Wildcat Mountain,New Hampshire,Coos,,4422,1347.8,,44.2595144,-71.201848,872940,Q8001021,https://en.wikipedia.org/wiki/Wildcat_Mountain_%28New_Hampshire%29,ne-67;nh-48,https://upload.wikimedia.org/wikipedia/commons/0/03/WildcatA.jpg,Public domain,,Ken Gallager at en.wikipedia,https://commons.wikimedia.org/wiki/File:WildcatA.jpg,"Ken Gallager at en.wikipedia, Public domain, via Wikimedia Commons",USGS GNIS feature 872940,,,Wildcat
ny-rocky-peak-ridge,Rocky Peak Ridge,New York,Essex,,4420,1347.2,640,44.1541715,-73.7053649,2651608,Q7355957,https://en.wikipedia.org/wiki/Rocky_Peak_Ridge,adk-46ers,https://upload.wikimedia.org/wikipedia/commons/b/b6/Rocky_Ridge_Peak.JPG,Public domain,,User:Theedster123,https://commons.wikimedia.org/wiki/File:Rocky_Ridge_Peak.JPG,"User:Theedster123, Public domain, via Wikimedia Commons",USGS GNIS feature 2651608,,,
nh-mount-hancock,Mount Hancock,New Hampshire,Grafton,,4420,1347.2,,44.0836076,-71.4934302,872006,Q6921046,https://en.wikipedia.org/wiki/Mount_Hancock_%28New_Hampshire%29,ne-67;nh-48,https://upload.wikimedia.org/wikipedia/commons/a/af/Mount_Hancock_NH_June_2019.jpg,CC BY-SA 4.0,https://creativecommons.org/licenses/by-sa/4.0,Ken Gallager,https://commons.wikimedia.org/wiki/File:Mount_Hancock_NH_June_2019.jpg,"Ken Gallager, CC BY-SA 4.0, via Wikimedia Commons",USGS GNIS feature 872006,,,Hancock
ny-macomb-mountain,Macomb Mountain,New York,Essex,,4405,1342.6,584,44.0515206,-73.7800062,971960,Q6724801,https://en.wikipedia.org/wiki/Macomb_Mountain,adk-46ers,https://upload.wikimedia.org/wikipedia/commons/1/1b/Macomb-Mountain-NY.jpeg,CC BY 4.0,https://creativecommons.org/licenses/by/4.0,Dclemens1971,https://commons.wikimedia.org/wiki/File:Macomb-Mountain-NY.jpeg,"Dclemens1971, CC BY 4.0, via Wikimedia Commons",USGS GNIS feature 971960,,,
ny-armstrong-mountain,Armstrong Mountain,New York,Essex,,4400,1341.1,98,44.1346016,-73.8496471,942572,Q4793955,https://en.wikipedia.org/wiki/Armstrong_Mountain_%28Keene_Valley%2C_New_York%29,adk-46ers,https://upload.wikimedia.org/wikipedia/commons/b/b7/Armstrong_from_Noonmark.jpg,CC BY-SA 3.0,https://creativecommons.org/licenses/by-sa/3.0,Mwanner,https://commons.wikimedia.org/wiki/File:Armstrong_from_Noonmark.jpg,"Mwanner, CC BY-SA 3.0, via Wikimedia Commons",USGS GNIS feature 942572,,,
ny-hough-peak,Hough Peak,New York,Essex,,4400,1341.1,374,44.0694981,-73.7777382,953279,Q5912859,https://en.wikipedia.org/wiki/Hough_Peak,adk-46ers,https://upload.wikimedia.org/wikipedia/commons/6/65/Hough_Peak_and_Macomb_Mt_from_ridge_to_Dix.jpg,Public domain,,petersent,https://commons.wikimedia.org/wiki/File:Hough_Peak_and_Macomb_Mt_from_ridge_to_Dix.jpg,"petersent, Public domain, via Wikimedia Commons",USGS GNIS feature 953279,,,
vt-mount-mansfield,Mount Mansfield,Vermont,Chittenden,,4393,1339.0,,44.5436537,-72.814289,1461774,Q573840,https://en.wikipedia.org/wiki/Mount_Mansfield,ne-67;us-state-highpoints,https://upload.wikimedia.org/wikipedia/commons/e/ea/The_Chin_of_Mount_Mansfield%2C_2007.jpg,Public domain,,Original uploader was Calzarette (Joe Calzarette) at en.wikipedia,"https://commons.wikimedia.org/wiki/File:The_Chin_of_Mount_Mansfield,_2007.jpg","Original uploader was Calzarette (Joe Calzarette) at en.wikipedia, Public domain, via Wikimedia Commons",USGS GNIS feature 1461774,,,
ny-seward-mountain,Seward Mountain,New York,Franklin,,4361,1329.2,2030,44.1596568,-74.1995385,964885,Q7458181,https://en.wikipedia.org/wiki/Seward_Mountain_%28New_York%29,adk-46ers,https://upload.wikimedia.org/wikipedia/commons/c/c6/Seward_Mt_seen_from_Seymour_Mt_NY.jpg,Public domain,,petersent,https://commons.wikimedia.org/wiki/File:Seward_Mt_seen_from_Seymour_Mt_NY.jpg,"petersent, Public domain, via Wikimedia Commons",USGS GNIS feature 964885,,,
ny-mount-marshall,Mount Marshall,New York,Essex,,4360,1328.9,493,44.1275538,-74.0118142,956573,Q6922027,https://en.wikipedia.org/wiki/Mount_Marshall_%28New_York%29,adk-46ers,,,,,,,USGS GNIS feature 956573,,,
nh-south-kinsman,South Kinsman,New Hampshire,Grafton,,4358,1328.3,,44.1229066,-71.7362577,872140,Q6414295,https://en.wikipedia.org/wiki/Kinsman_Mountain,ne-67;nh-48,https://upload.wikimedia.org/wikipedia/commons/8/85/North_Peak_of_Kinsman_Mountain.jpg,Public domain,,Ken Gallager at English Wikipedia,https://commons.wikimedia.org/wiki/File:North_Peak_of_Kinsman_Mountain.jpg,"Ken Gallager at English Wikipedia, Public domain, via Wikimedia Commons",USGS GNIS feature 872140,,,
ny-allen-mountain,Allen Mountain,New York,Essex,,4340,1322.8,640,44.0710434,-73.9398446,942362,Q4731793,https://en.wikipedia.org/wiki/Allen_Mountain_%28New_York%29,adk-46ers,https://upload.wikimedia.org/wikipedia/commons/a/af/Mt_Allen_summit_ridge_NY.JPG,Public domain,,petersent,https://commons.wikimedia.org/wiki/File:Mt_Allen_summit_ridge_NY.JPG,"petersent, Public domain, via Wikimedia Commons",USGS GNIS feature 942362,,,
nh-mount-field,Mount Field,New Hampshire,Grafton,,4340,1322.8,,44.196137,-71.4331049,873014,Q8523327,https://en.wikipedia.org/wiki/Mount_Field_%28New_Hampshire%29,ne-67;nh-48,https://upload.wikimedia.org/wikipedia/commons/8/87/Mtfieldprofile.jpg,CC BY 3.0,https://creativecommons.org/licenses/by/3.0,Jeremy R. Clark,https://commons.wikimedia.org/wiki/File:Mtfieldprofile.jpg,"Jeremy R. Clark, CC BY 3.0, via Wikimedia Commons",USGS GNIS feature 873014,,,Field
nh-mount-osceola,Mount Osceola,New Hampshire,Grafton,,4340,1322.8,,44.0014482,-71.5359097,872440,Q6922609,https://en.wikipedia.org/wiki/Mount_Osceola,ne-67;nh-48,https://upload.wikimedia.org/wikipedia/commons/8/8d/Mt_osceola.jpg,CC BY-SA 3.0,http://creativecommons.org/licenses/by-sa/3.0/,Wesman83,https://commons.wikimedia.org/wiki/File:Mt_osceola.jpg,"Wesman83, CC BY-SA 3.0, via Wikimedia Commons",USGS GNIS feature 872440,,,Osceola
nh-mount-flume,Mount Flume,New Hampshire,Grafton,,4328,1319.2,,44.1089459,-71.6278579,871894,Q8520470,https://en.wikipedia.org/wiki/Mount_Flume,ne-67;nh-48,https://upload.wikimedia.org/wikipedia/commons/5/55/Mt_flume.jpg,CC BY-SA 3.0,http://creativecommons.org/licenses/by-sa/3.0/,Wesman83 at English Wikipedia,https://commons.wikimedia.org/wiki/File:Mt_flume.jpg,"Wesman83 at English Wikipedia, CC BY-SA 3.0, via Wikimedia Commons",USGS GNIS feature 871894,,,Flume
nh-south-hancock,South Hancock,New Hampshire,Grafton,,4319,1316.4,,44.0836076,-71.4934302,872006,Q6921046,https://en.wikipedia.org/wiki/Mount_Hancock_%28New_Hampshire%29,ne-67;nh-48,https://upload.wikimedia.org/wikipedia/commons/a/af/Mount_Hancock_NH_June_2019.jpg,CC BY-SA 4.0,https://creativecommons.org/licenses/by-sa/4.0,Ken Gallager,https://commons.wikimedia.org/wiki/File:Mount_Hancock_NH_June_2019.jpg,"Ken Gallager, CC BY-SA 4.0, via Wikimedia Commons",USGS GNIS feature 872006,,,
nh-mount-pierce,Mount Pierce,New Hampshire,Coos,,4310,1313.7,,44.2265226,-71.3659732,872495,Q749181,https://en.wikipedia.org/wiki/Mount_Pierce_%28New_Hampshire%29,ne-67;nh-48,https://upload.wikimedia.org/wikipedia/commons/7/7b/Mtpierceprofile.jpg,CC BY 3.0,https://creativecommons.org/licenses/by/3.0,Jeremy R. Clark,https://commons.wikimedia.org/wiki/File:Mtpierceprofile.jpg,"Jeremy R. Clark, CC BY 3.0, via Wikimedia Commons",USGS GNIS feature 872495,,,Pierce
nh-north-kinsman,North Kinsman,New Hampshire,Grafton,,4293,1308.5,,44.1229066,-71.7362577,872140,Q6414295,https://en.wikipedia.org/wiki/Kinsman_Mountain,ne-67;nh-48,https://upload.wikimedia.org/wikipedia/commons/8/85/North_Peak_of_Kinsman_Mountain.jpg,Public domain,,Ken Gallager at English Wikipedia,https://commons.wikimedia.org/wiki/File:North_Peak_of_Kinsman_Mountain.jpg,"Ken Gallager at English Wikipedia, Public domain, via Wikimedia Commons",USGS GNIS feature 872140,,,
nh-mount-willey,Mount Willey,New Hampshire,Grafton,,4285,1306.1,,44.1835296,-71.4207354,872952,Q6924600,https://en.wikipedia.org/wiki/Mount_Willey,ne-67;nh-48,https://upload.wikimedia.org/wikipedia/commons/b/ba/Mount_Willey_from_Crawford_Notch.JPG,CC BY-SA 3.0,http://creativecommons.org/licenses/by-sa/3.0/,wwoods,https://commons.wikimedia.org/wiki/File:Mount_Willey_from_Crawford_Notch.JPG,"wwoods, CC BY-SA 3.0, via Wikimedia Commons",USGS GNIS feature 872952,,,Willey
nh-bondcliff,Bondcliff,New Hampshire,Grafton,,4265,1300.0,,44.1528345,-71.5311895,871556,Q6919778,https://en.wikipedia.org/wiki/Mount_Bond,ne-67;nh-48,https://upload.wikimedia.org/wikipedia/commons/0/0e/Mount_Bond.jpg,Public domain,,Photo by Ken Gallager,https://commons.wikimedia.org/wiki/File:Mount_Bond.jpg,"Photo by Ken Gallager, Public domain, via Wikimedia Commons",USGS GNIS feature 871556,,,
nh-mount-zealand,Mount Zealand,New Hampshire,,,4260,1298.4,,44.17966667,-71.52133333,,Q6924722,https://en.wikipedia.org/wiki/Mount_Zealand,ne-67;nh-48,https://upload.wikimedia.org/wikipedia/commons/0/09/Mt._Zealand.jpg,CC BY-SA 2.0,https://creativecommons.org/licenses/by-sa/2.0,Tim Sackton,https://commons.wikimedia.org/wiki/File:Mt._Zealand.jpg,"Tim Sackton, CC BY-SA 2.0, via Wikimedia Commons",Wikipedia Mount Zealand,,,Zealand
me-sugarloaf-mountain,Sugarloaf Mountain,Maine,Franklin,,4250,1295.4,,45.0316808,-70.3133295,576507,Q3503069,https://en.wikipedia.org/wiki/Sugarloaf_Mountain_%28Maine%29,ne-67,https://upload.wikimedia.org/wikipedia/commons/a/ab/Sugarloaf_Mt_seen_from_AT_above_Crocker_Cirque.jpg,Public domain,,petersent,https://commons.wikimedia.org/wiki/File:Sugarloaf_Mt_seen_from_AT_above_Crocker_Cirque.jpg,"petersent, Public domain, via Wikimedia Commons",USGS GNIS feature 576507,,,
ny-big-slide-mountain,Big Slide Mountain,New York,Essex,,4240,1292.4,1049,44.1822721,-73.8706562,943955,Q4906374,https://en.wikipedia.org/wiki/Big_Slide_Mountain_%28New_York%29,adk-46ers,https://upload.wikimedia.org/wikipedia/commons/9/9f/Big_Slide_Mt_from_The_Brothers_Trail.jpg,Public domain,,petersent,https://commons.wikimedia.org/wiki/File:Big_Slide_Mt_from_The_Brothers_Trail.jpg,"petersent, Public domain, via Wikimedia Commons",USGS GNIS feature 943955,,,
ny-esther-mountain,Esther Mountain,New York,Essex,,4240,1292.4,302,44.3869916,-73.8898673,949720,Q5401250,https://en.wikipedia.org/wiki/Esther_Mountain,adk-46ers,https://upload.wikimedia.org/wikipedia/commons/9/9f/Whiteface_Mountain_-_Esther_Mountain.jpg,CC BY-SA 3.0,https://creativecommons.org/licenses/by-sa/3.0,Mwanner,https://commons.wikimedia.org/wiki/File:Whiteface_Mountain_-_Esther_Mountain.jpg,"Mwanner, CC BY-SA 3.0, via Wikimedia Commons",USGS GNIS feature 949720,,,
vt-killington-peak,Killington Peak,Vermont,Rutland,,4235,1290.8,,43.6045042,-72.8201012,1458086,Q4220539,https://en.wikipedia.org/wiki/Killington_Peak,ne-67,https://upload.wikimedia.org/wikipedia/commons/3/39/Killington_Pk_seen_from_Pico_Pk.jpg,Public domain,,petersent,https://commons.wikimedia.org/wiki/File:Killington_Pk_seen_from_Pico_Pk.jpg,"petersent, Public domain, via Wikimedia Commons",USGS GNIS feature 1458086,,,
me-crocker-mountain,Crocker Mountain,Maine,Franklin,,4228,1288.7,,45.0470653,-70.3827938,564525,Q8523151,https://en.wikipedia.org/wiki/Crocker_Mountain_%28Maine%29,ne-67,https://upload.wikimedia.org/wikipedia/commons/1/1e/Crocker_Mt_centre.JPG,Public domain,,petersent,https://commons.wikimedia.org/wiki/File:Crocker_Mt_centre.JPG,"petersent, Public domain, via Wikimedia Commons",USGS GNIS feature 564525,,,
ny-upper-wolfjaw-mountain,Upper Wolfjaw Mountain,New York,Essex,,4185,1275.6,280,44.14033,-73.845226,968312,Q7899016,https://en.wikipedia.org/wiki/Upper_Wolfjaw_Mountain,adk-46ers,https://upload.wikimedia.org/wikipedia/commons/a/a1/Upper_Wolfjaw_Mountain.jpg,CC BY-SA 3.0,https://creativecommons.org/licenses/by-sa/3.0,Mwanner Uploaded by Mwanner at en.wikipedia,https://commons.wikimedia.org/wiki/File:Upper_Wolfjaw_Mountain.jpg,"Mwanner Uploaded by Mwanner at en.wikipedia, CC BY-SA 3.0, via Wikimedia Commons",USGS GNIS feature 968312,,,
ny-slide-mountain,Slide Mountain,New York,Ulster,,4180,1274.1,,41.9991499,-74.3857682,975759,Q7540328,https://en.wikipedia.org/wiki/Slide_Mountain_%28Ulster_County%2C_New_York%29,catskill-3500,https://upload.wikimedia.org/wikipedia/commons/5/5d/2025-07-21_15_46_15_View_west_toward_the_summit_of_Slide_Mountain_from_the_Wittenberg-Cornell-Slide_Trail_%28Burroughs_Range_Trail%29_just_west_of_the_summit_of_Cornell_Mountain_in_Shandaken%2C_Ulster_County%2C_New_York%28edited%29.jpg,CC BY-SA 4.0,https://creativecommons.org/licenses/by-sa/4.0,Famartin,"https://commons.wikimedia.org/wiki/File:2025-07-21_15_46_15_View_west_toward_the_summit_of_Slide_Mountain_from_the_Wittenberg-Cornell-Slide_Trail_(Burroughs_Range_Trail)_just_west_of_the_summit_of_Cornell_Mountain_in_Shandaken,_Ulster_County,_New_York(edited).jpg","Famartin, CC BY-SA 4.0, via Wikimedia Commons",USGS GNIS feature 975759,,,
ny-lower-wolfjaw-mountain,Lower Wolfjaw Mountain,New York,Essex,,4175,1272.5,663,44.1481843,-73.8327257,956118,Q6693909,https://en.wikipedia.org/wiki/Lower_Wolfjaw_Mountain,adk-46ers,https://upload.wikimedia.org/wikipedia/commons/9/9d/Lower_Wolfjaw_from_Noonmark.jpg,CC BY-SA 3.0,https://creativecommons.org/licenses/by-sa/3.0,Mwanner,https://commons.wikimedia.org/wiki/File:Lower_Wolfjaw_from_Noonmark.jpg,"Mwanner, CC BY-SA 3.0, via Wikimedia Commons",USGS GNIS feature 956118,,,
nh-mount-cabot,Mount Cabot,New Hampshire,Coos,,4170,1271.0,,44.5060061,-71.4144768,865897,Q6919942,https://en.wikipedia.org/wiki/Mount_Cabot,ne-67;nh-48,,,,,,,USGS GNIS feature 865897,,,Cabot
me-old-speck-mountain,Old Speck Mountain,Maine,Oxford,,4170,1271.0,,44.5709262,-70.953821,572729,Q7085015,https://en.wikipedia.org/wiki/Old_Speck_Mountain,ne-67,https://upload.wikimedia.org/wikipedia/commons/c/c1/Old_Speck_Mt_Maine_from_Eyebrow_Trail.jpg,Public domain,,petersent,https://commons.wikimedia.org/wiki/File:Old_Speck_Mt_Maine_from_Eyebrow_Trail.jpg,"petersent, Public domain, via Wikimedia Commons",USGS GNIS feature 572729,,,Old Speck
ny-street-mountain,Street Mountain,New York,Essex,,4166,1269.8,1280,44.1793678,-74.0270761,966631,Q7622887,https://en.wikipedia.org/wiki/Street_Mountain_%28New_York%29,adk-46ers,https://upload.wikimedia.org/wikipedia/commons/e/e5/Street_Mountain_%28New_York%29_Peak.jpg,CC BY-SA 4.0,https://creativecommons.org/licenses/by-sa/4.0,Edmund Rozell,https://commons.wikimedia.org/wiki/File:Street_Mountain_(New_York)_Peak.jpg,"Edmund Rozell, CC BY-SA 4.0, via Wikimedia Commons",USGS GNIS feature 966631,,,
ny-phelps-mountain,Phelps Mountain,New York,Essex,,4161,1268.3,200,44.1569957,-73.9209775,960289,Q7181274,https://en.wikipedia.org/wiki/Phelps_Mountain_%28New_York%29,adk-46ers,https://upload.wikimedia.org/wikipedia/commons/7/7c/Stream_near_Phelps.jpg,CC BY-SA 3.0,https://creativecommons.org/licenses/by-sa/3.0,Pepper,https://commons.wikimedia.org/wiki/File:Stream_near_Phelps.jpg,"Pepper, CC BY-SA 3.0, via Wikimedia Commons",USGS GNIS feature 960289,,,
nh-east-osceola,East Osceola,New Hampshire,Grafton,,4156,1266.7,,44.0061704,-71.5206316,871835,Q5329122,https://en.wikipedia.org/wiki/East_Peak_Mount_Osceola,ne-67;nh-48,https://upload.wikimedia.org/wikipedia/commons/5/59/East_Osceola_from_Mount_Osceola.jpg,CC BY-SA 4.0,https://creativecommons.org/licenses/by-sa/4.0,Ken Gallager,https://commons.wikimedia.org/wiki/File:East_Osceola_from_Mount_Osceola.jpg,"Ken Gallager, CC BY-SA 4.0, via Wikimedia Commons",USGS GNIS feature 871835,,,
me-north-brother,North Brother,Maine,Piscataquis,,4151,1265.2,,45.9571506,-68.9854399,572313,Q7054307,https://en.wikipedia.org/wiki/North_Brother,ne-67,https://upload.wikimedia.org/wikipedia/commons/4/42/North_Brother_and_Fort_Mts_Maine.jpg,Public domain,,petersent,https://commons.wikimedia.org/wiki/File:North_Brother_and_Fort_Mts_Maine.jpg,"petersent, Public domain, via Wikimedia Commons",USGS GNIS feature 572313,,,
me-mount-bigelow-west-peak,Mount Bigelow (West Peak),Maine,Somerset,,4145,1263.4,,45.1468979,-70.2879703,578186,Q6919728,https://en.wikipedia.org/wiki/Mount_Bigelow_%28Maine%29,ne-67,https://upload.wikimedia.org/wikipedia/commons/5/53/Bigelow_Mountain_from_top_of_Sugarloaf_Mountain.JPG,Public domain,,ThePessimus,https://commons.wikimedia.org/wiki/File:Bigelow_Mountain_from_top_of_Sugarloaf_Mountain.JPG,"ThePessimus, Public domain, via Wikimedia Commons",USGS GNIS feature 578186,,,Mount Bigelow
ny-donaldson-mountain,Donaldson Mountain,New York,Franklin,,4140,1261.9,138,44.1539225,-74.2114717,948566,Q5295363,https://en.wikipedia.org/wiki/Donaldson_Mountain,adk-46ers,https://upload.wikimedia.org/wikipedia/commons/9/9d/Mt_Emmons_and_Mt_Donaldson_NY.jpg,Public domain,,petersent,https://commons.wikimedia.org/wiki/File:Mt_Emmons_and_Mt_Donaldson_NY.jpg,"petersent, Public domain, via Wikimedia Commons",USGS GNIS feature 948566,,,
nh-middle-tripyramid,Middle Tripyramid,New Hampshire,Grafton,,4140,1261.9,,43.9731659,-71.4427801,872833,Q8524074,https://en.wikipedia.org/wiki/Mount_Tripyramid_%28New_Hampshire%29,ne-67;nh-48,https://upload.wikimedia.org/wikipedia/commons/a/ad/North_and_Middle_Tripyramid_NH.jpg,Public domain,,petersent,https://commons.wikimedia.org/wiki/File:North_and_Middle_Tripyramid_NH.jpg,"petersent, Public domain, via Wikimedia Commons",USGS GNIS feature 872833,,,
ky-black-mountain,Black Mountain,Kentucky,Harlan,,4139.1,1261.6,,36.914253,-82.8937692,510753,Q880428,https://en.wikipedia.org/wiki/Black_Mountain_%28Kentucky%29,us-state-highpoints,https://upload.wikimedia.org/wikipedia/commons/8/81/Kentucky_Side_of_Black_Mountain_%284535376460%29.jpg,CC BY 2.0,https://creativecommons.org/licenses/by/2.0,iLoveMountains.org,https://commons.wikimedia.org/wiki/File:Kentucky_Side_of_Black_Mountain_(4535376460).jpg,"iLoveMountains.org, CC BY 2.0, via Wikimedia Commons",USGS GNIS feature 510753,,,
ny-seymour-mountain,Seymour Mountain,New York,Franklin,,4120,1255.8,1020,44.1579579,-74.1724651,964894,Q8525969,https://en.wikipedia.org/wiki/Seymour_Mountain,adk-46ers,https://upload.wikimedia.org/wikipedia/commons/1/18/Seymour_Mt_seen_from_Mt_Donaldson_NY.jpg,Public domain,,petersent,https://commons.wikimedia.org/wiki/File:Seymour_Mt_seen_from_Mt_Donaldson_NY.jpg,"petersent, Public domain, via Wikimedia Commons",USGS GNIS feature 964894,,,
me-saddleback-mountain,Saddleback Mountain,Maine,Franklin,,4120,1255.8,,44.9364008,-70.5046094,574668,Q7397755,https://en.wikipedia.org/wiki/Saddleback_Mountain_%28Rangeley%2C_Maine%29,ne-67,https://upload.wikimedia.org/wikipedia/commons/f/fc/Saddleback_Mountain_seen_From_Maine_State_Route_16.JPG,Public domain,,ThePessimus,https://commons.wikimedia.org/wiki/File:Saddleback_Mountain_seen_From_Maine_State_Route_16.JPG,"ThePessimus, Public domain, via Wikimedia Commons",USGS GNIS feature 574668,,,
ny-sawteeth,Sawteeth,New York,Essex,,4100,1249.7,490,44.1133871,-73.8506964,964537,Q7428687,https://en.wikipedia.org/wiki/Sawteeth_%28New_York%29,adk-46ers,https://upload.wikimedia.org/wikipedia/commons/2/2f/Ausable_Valley_-_Sawteeth_-_Pyramid_-_Gothics.jpg,CC BY-SA 3.0,https://creativecommons.org/licenses/by-sa/3.0,Mwanner,https://commons.wikimedia.org/wiki/File:Ausable_Valley_-_Sawteeth_-_Pyramid_-_Gothics.jpg,"Mwanner, CC BY-SA 3.0, via Wikimedia Commons",USGS GNIS feature 964537,,,
nh-cannon-mountain,Cannon Mountain,New Hampshire,Grafton,,4100,1249.7,,44.156614,-71.6988025,873192,Q5032778,https://en.wikipedia.org/wiki/Cannon_Mountain_%28New_Hampshire%29,ne-67;nh-48,https://upload.wikimedia.org/wikipedia/commons/c/c8/CannonMountain-CliffFace.jpg,CC BY-SA 3.0,http://creativecommons.org/licenses/by-sa/3.0/,Mikespenard at English Wikipedia,https://commons.wikimedia.org/wiki/File:CannonMountain-CliffFace.jpg,"Mikespenard at English Wikipedia, CC BY-SA 3.0, via Wikimedia Commons",USGS GNIS feature 873192,,,Cannon
ny-cascade-mountain,Cascade Mountain,New York,Essex,,4098,1249.1,1180,44.2186594,-73.860143,945952,Q5048152,https://en.wikipedia.org/wiki/Cascade_Mountain_%28New_York%29,adk-46ers,https://upload.wikimedia.org/wikipedia/commons/2/26/Cascade_vue_sur_big_slide.jpg,CC BY-SA 3.0,https://creativecommons.org/licenses/by-sa/3.0,Laurent Gélinas,https://commons.wikimedia.org/wiki/File:Cascade_vue_sur_big_slide.jpg,"Laurent Gélinas, CC BY-SA 3.0, via Wikimedia Commons",USGS GNIS feature 945952,,,
me-mount-bigelow-avery-peak,Mount Bigelow (Avery Peak),Maine,Somerset,,4090,1246.6,,45.1466308,-70.2758495,572033,Q6919728,https://en.wikipedia.org/wiki/Mount_Bigelow_%28Maine%29,ne-67,https://upload.wikimedia.org/wikipedia/commons/5/53/Bigelow_Mountain_from_top_of_Sugarloaf_Mountain.JPG,Public domain,,ThePessimus,https://commons.wikimedia.org/wiki/File:Bigelow_Mountain_from_top_of_Sugarloaf_Mountain.JPG,"ThePessimus, Public domain, via Wikimedia Commons",USGS GNIS feature 572033,,,Mount Bigelow
vt-camel-s-hump,Camel's Hump,Vermont,Chittenden,,4083,1244.5,,44.3194911,-72.8863369,1456724,Q5025846,https://en.wikipedia.org/wiki/Camel%27s_Hump,ne-67,https://upload.wikimedia.org/wikipedia/commons/b/b2/CamelsHumpVT2012.jpg,CC0,http://creativecommons.org/publicdomain/zero/1.0/deed.en,Thomsonmg2000,https://commons.wikimedia.org/wiki/File:CamelsHumpVT2012.jpg,"Thomsonmg2000, CC0, via Wikimedia Commons",USGS GNIS feature 1456724,,,
vt-mount-ellen,Mount Ellen,Vermont,Washington,,4083,1244.5,,44.16005,-72.9288358,1460843,Q3321816,https://en.wikipedia.org/wiki/Mount_Ellen_%28Vermont%29,ne-67,https://upload.wikimedia.org/wikipedia/commons/3/33/Mt_Ellen_Vermont_USA.jpg,CC BY 2.0,https://creativecommons.org/licenses/by/2.0,dvs,https://commons.wikimedia.org/wiki/File:Mt_Ellen_Vermont_USA.jpg,"dvs, CC BY 2.0, via Wikimedia Commons",USGS GNIS feature 1460843,,,
nh-wildcat-d-mountain,Wildcat D Mountain,New Hampshire,Coos,,4070,1240.5,,44.2595144,-71.201848,872940,Q8001021,https://en.wikipedia.org/wiki/Wildcat_Mountain_%28New_Hampshire%29,ne-67;nh-48,https://upload.wikimedia.org/wikipedia/commons/0/03/WildcatA.jpg,Public domain,,Ken Gallager at en.wikipedia,https://commons.wikimedia.org/wiki/File:WildcatA.jpg,"Ken Gallager at en.wikipedia, Public domain, via Wikimedia Commons",USGS GNIS feature 872940,,,Wildcat D
ny-south-dix,South Dix,New York,Essex,,4060,1237.5,164,44.060054,-73.7743014,965737,Q7567063,https://en.wikipedia.org/wiki/South_Dix,adk-46ers,https://upload.wikimedia.org/wikipedia/commons/f/ff/South_Dix_%28Carson_Peak%29.jpeg,CC BY 4.0,https://creativecommons.org/licenses/by/4.0,Dclemens1971,https://commons.wikimedia.org/wiki/File:South_Dix_(Carson_Peak).jpeg,"Dclemens1971, CC BY 4.0, via Wikimedia Commons",USGS GNIS feature 965737,,,
ny-porter-mountain,Porter Mountain,New York,Essex,,4059,1237.2,330,44.2123426,-73.8535176,960994,Q7231640,https://en.wikipedia.org/wiki/Porter_Mountain,adk-46ers,https://upload.wikimedia.org/wikipedia/commons/8/83/Porter_Mtn_from_Rooster_Comb.jpg,CC BY-SA 3.0,https://creativecommons.org/licenses/by-sa/3.0,Mwanner,https://commons.wikimedia.org/wiki/File:Porter_Mtn_from_Rooster_Comb.jpg,"Mwanner, CC BY-SA 3.0, via Wikimedia Commons",USGS GNIS feature 960994,,,
ny-mount-colvin,Mount Colvin,New York,Essex,,4057,1236.6,750,44.0939424,-73.8345829,947211,Q6920213,https://en.wikipedia.org/wiki/Mount_Colvin,adk-46ers,https://upload.wikimedia.org/wikipedia/commons/2/29/Lower_Ausable_Lake_view_of_Mt_Colvin.jpg,Public domain,,petersent,https://commons.wikimedia.org/wiki/File:Lower_Ausable_Lake_view_of_Mt_Colvin.jpg,"petersent, Public domain, via Wikimedia Commons",USGS GNIS feature 947211,,,
nh-mount-hale,Mount Hale,New Hampshire,Grafton,,4054,1235.7,,44.2217224,-71.5120232,871992,Q6921032,https://en.wikipedia.org/wiki/Mount_Hale_%28New_Hampshire%29,ne-67;nh-48,https://upload.wikimedia.org/wikipedia/commons/8/8f/Mount_Hale_from_Twin_Mountain_NH.jpg,CC BY-SA 4.0,https://creativecommons.org/licenses/by-sa/4.0,Ken Gallager,https://commons.wikimedia.org/wiki/File:Mount_Hale_from_Twin_Mountain_NH.jpg,"Ken Gallager, CC BY-SA 4.0, via Wikimedia Commons",USGS GNIS feature 871992,,,Hale
nh-mount-jackson,Mount Jackson,New Hampshire,Coos,,4052,1235.0,,44.2032358,-71.3754007,872093,Q1647347,https://en.wikipedia.org/wiki/Mount_Jackson_%28New_Hampshire%29,ne-67;nh-48,https://upload.wikimedia.org/wikipedia/commons/3/39/Mtjacksonprofile.jpg,CC BY 3.0,https://creativecommons.org/licenses/by/3.0,Jeremy R. Clark,https://commons.wikimedia.org/wiki/File:Mtjacksonprofile.jpg,"Jeremy R. Clark, CC BY 3.0, via Wikimedia Commons",USGS GNIS feature 872093,,,Jackson
nh-mount-tom,Mount Tom,New Hampshire,Grafton,,4051,1234.7,,44.2105188,-71.4460606,872824,Q6924141,https://en.wikipedia.org/wiki/Mount_Tom_%28New_Hampshire%29,ne-67;nh-48,https://upload.wikimedia.org/wikipedia/commons/7/75/Mttomprofile.jpg,CC BY 3.0,https://creativecommons.org/licenses/by/3.0,,https://commons.wikimedia.org/wiki/File:Mttomprofile.jpg,"Unknown author, CC BY 3.0, via Wikimedia Commons",USGS GNIS feature 872824,,,Tom
me-mount-abraham,Mount Abraham,Maine,Franklin,,4050,1234.4,,44.9728459,-70.3263079,561068,Q6919229,https://en.wikipedia.org/wiki/Mount_Abraham_%28Maine%29,ne-67,https://upload.wikimedia.org/wikipedia/commons/1/16/Mount_Abraham_from_top_of_Sugarloaf.JPG,Public domain,,ThePessimus,https://commons.wikimedia.org/wiki/File:Mount_Abraham_from_top_of_Sugarloaf.JPG,"ThePessimus, Public domain, via Wikimedia Commons",USGS GNIS feature 561068,,,
me-south-crocker-mountain,South Crocker Mountain,Maine,Franklin,,4050,1234.4,,45.0361808,-70.3760695,581982,Q7566924,https://en.wikipedia.org/wiki/South_Crocker_Mountain,ne-67,https://upload.wikimedia.org/wikipedia/commons/b/bb/South_Crocker_and_Crocker_Mts_Maine.jpg,Public domain,,petersent,https://commons.wikimedia.org/wiki/File:South_Crocker_and_Crocker_Mts_Maine.jpg,"petersent, Public domain, via Wikimedia Commons",USGS GNIS feature 581982,,,
nh-mount-moriah,Mount Moriah,New Hampshire,Coos,,4049,1234.1,,44.3406387,-71.1318489,872330,Q6922268,https://en.wikipedia.org/wiki/Mount_Moriah_%28New_Hampshire%29,ne-67;nh-48,https://upload.wikimedia.org/wikipedia/commons/d/d4/Mt._Moriah_from_Gorham.JPG,CC BY-SA 3.0,https://creativecommons.org/licenses/by-sa/3.0,AlexiusHoratius,https://commons.wikimedia.org/wiki/File:Mt._Moriah_from_Gorham.JPG,"AlexiusHoratius, CC BY-SA 3.0, via Wikimedia Commons",USGS GNIS feature 872330,,,Moriah
nh-mount-passaconaway,Mount Passaconaway,New Hampshire,Grafton,,4043,1232.3,,43.9547374,-71.3808824,872460,Q8523440,https://en.wikipedia.org/wiki/Mount_Passaconaway,ne-67;nh-48,https://upload.wikimedia.org/wikipedia/commons/1/1c/Mtpassaconawayprofile.jpg,CC BY 3.0,https://creativecommons.org/licenses/by/3.0,Jeremy R. Clark,https://commons.wikimedia.org/wiki/File:Mtpassaconawayprofile.jpg,"Jeremy R. Clark, CC BY 3.0, via Wikimedia Commons",USGS GNIS feature 872460,,,Passaconaway
me-saddleback-mountain-the-horn,Saddleback Mountain (the Horn),Maine,Franklin,,4041,1231.7,,44.9510745,-70.4874886,576826,Q7397746,https://en.wikipedia.org/wiki/Saddleback_Horn,ne-67,https://upload.wikimedia.org/wikipedia/commons/4/44/The_Horn_%28R%29_from_Saddleback_Mt_Maine.jpg,Public domain,,petersent,https://commons.wikimedia.org/wiki/File:The_Horn_(R)_from_Saddleback_Mt_Maine.jpg,"petersent, Public domain, via Wikimedia Commons",USGS GNIS feature 576826,,,Saddleback Mountain
ks-mount-sunflower,Mount Sunflower,Kansas,Wallace,,4041.0,1231.7,,39.0219757,-102.0372428,484933,Q1587215,https://en.wikipedia.org/wiki/Mount_Sunflower,us-state-highpoints,https://upload.wikimedia.org/wikipedia/commons/7/7c/Mount_Sunflower_KS_Summit.jpg,CC BY-SA 3.0,http://creativecommons.org/licenses/by-sa/3.0/,N0YKG,https://commons.wikimedia.org/wiki/File:Mount_Sunflower_KS_Summit.jpg,"N0YKG, CC BY-SA 3.0, via Wikimedia Commons",USGS GNIS feature 484933,,,
ny-mount-emmons,Mount Emmons,New York,Franklin,,4040,1231.4,102,44.1437006,-74.2141751,949645,Q6920641,https://en.wikipedia.org/wiki/Mount_Emmons_%28New_York%29,adk-46ers,https://upload.wikimedia.org/wikipedia/commons/f/f6/Seward_Mountains_as_seen_from_Mt_Seymour.jpg,Public domain,,petersent,https://commons.wikimedia.org/wiki/File:Seward_Mountains_as_seen_from_Mt_Seymour.jpg,"petersent, Public domain, via Wikimedia Commons",USGS GNIS feature 949645,,,
ny-hunter-mountain,Hunter Mountain,New York,Greene,,4040,1231.4,,42.1777231,-74.2303143,973354,Q5944482,https://en.wikipedia.org/wiki/Hunter_Mountain_%28New_York%29,catskill-3500,https://upload.wikimedia.org/wikipedia/commons/e/e7/Hunter_Mountain_from_Black_Dome.jpg,CC BY-SA 3.0,http://creativecommons.org/licenses/by-sa/3.0/,The original uploader was Daniel Case at English Wikipedia.,https://commons.wikimedia.org/wiki/File:Hunter_Mountain_from_Black_Dome.jpg,"The original uploader was Daniel Case at English Wikipedia., CC BY-SA 3.0, via Wikimedia Commons",USGS GNIS feature 973354,,,
nh-owl-s-head,Owl's Head,New Hampshire,,,4025,1226.8,,44.14444444,-71.605,,Q7114830,https://en.wikipedia.org/wiki/Owl%27s_Head_%28Franconia%2C_New_Hampshire%29,ne-67;nh-48,https://upload.wikimedia.org/wikipedia/commons/e/ef/Owls_Head.jpg,Public domain,,Ken Gallager at English Wikipedia,https://commons.wikimedia.org/wiki/File:Owls_Head.jpg,"Ken Gallager at English Wikipedia, Public domain, via Wikimedia Commons",Wikipedia Owl's Head (Franconia),,,
nh-galehead-mountain,Galehead Mountain,New Hampshire,Grafton,,4024,1226.5,,44.1848105,-71.5733908,873045,Q4153212,https://en.wikipedia.org/wiki/Galehead_Mountain,ne-67;nh-48,https://upload.wikimedia.org/wikipedia/commons/6/66/Galehead_Mt_and_AMC_Galehead_Hut.jpg,Public domain,,petersent,https://commons.wikimedia.org/wiki/File:Galehead_Mt_and_AMC_Galehead_Hut.jpg,"petersent, Public domain, via Wikimedia Commons",USGS GNIS feature 873045,,,Galehead
ny-dial-mountain,Dial Mountain,New York,Essex,,4020,1225.3,164,44.10604,-73.7963136,948403,Q5270468,https://en.wikipedia.org/wiki/Dial_Mountain,adk-46ers,https://upload.wikimedia.org/wikipedia/commons/6/68/Dial_Mtn_from_Noonmark.jpg,CC BY-SA 3.0,https://creativecommons.org/licenses/by-sa/3.0,Mwanner,https://commons.wikimedia.org/wiki/File:Dial_Mtn_from_Noonmark.jpg,"Mwanner, CC BY-SA 3.0, via Wikimedia Commons",USGS GNIS feature 948403,,,
nh-mount-whiteface,Mount Whiteface,New Hampshire,Grafton,,4020,1225.3,,43.9339506,-71.4059066,872920,Q6924572,https://en.wikipedia.org/wiki/Mount_Whiteface,ne-67;nh-48,https://upload.wikimedia.org/wikipedia/commons/b/be/Mtwhitefaceprofile.jpg,CC BY 3.0,https://creativecommons.org/licenses/by/3.0,,https://commons.wikimedia.org/wiki/File:Mtwhitefaceprofile.jpg,"Unknown author, CC BY 3.0, via Wikimedia Commons",USGS GNIS feature 872920,,,Whiteface
ny-grace-peak,Grace Peak,New York,Essex,,4012,1222.9,319,44.065316,-73.7574637,949060,Q5328237,https://en.wikipedia.org/wiki/Grace_Peak,adk-46ers,,,,,,,USGS GNIS feature 949060,,,
me-mount-redington,Mount Redington,Maine,Franklin,,4010,1222.2,,45.0247988,-70.3887209,578873,Q6923167,https://en.wikipedia.org/wiki/Mount_Redington,ne-67,https://upload.wikimedia.org/wikipedia/commons/a/a9/Mast_on_Mt_Redington_DSCN0123.JPG,Public domain,,petersent,https://commons.wikimedia.org/wiki/File:Mast_on_Mt_Redington_DSCN0123.JPG,"petersent, Public domain, via Wikimedia Commons",USGS GNIS feature 578873,,,
me-spaulding-mountain,Spaulding Mountain,Maine,Franklin,,4010,1222.2,,45.0029912,-70.3334434,561033,Q7574132,https://en.wikipedia.org/wiki/Spaulding_Mountain,ne-67,,,,,,,USGS GNIS feature 561033,,,
nh-mount-waumbek,Mount Waumbek,New Hampshire,Coos,,4006,1221.0,,44.4328282,-71.4170236,870689,Q6924524,https://en.wikipedia.org/wiki/Mount_Waumbek,ne-67;nh-48,,,,,,,USGS GNIS feature 870689,,,Waumbek
vt-mount-abraham,Mount Abraham,Vermont,Addison,,4006,1221.0,,44.1204328,-72.9360992,1460513,Q6919231,https://en.wikipedia.org/wiki/Mount_Abraham_%28Vermont%29,ne-67,https://upload.wikimedia.org/wikipedia/commons/6/6a/LakeChamplainFromMountAbraham.jpg,CC BY-SA 4.0,https://creativecommons.org/licenses/by-sa/4.0,User:Magicpiano,https://commons.wikimedia.org/wiki/File:LakeChamplainFromMountAbraham.jpg,"User:Magicpiano, CC BY-SA 4.0, via Wikimedia Commons",USGS GNIS feature 1460513,,,
nh-mount-isolation,Mount Isolation,New Hampshire,Coos,,4004,1220.4,,44.2147796,-71.3092406,872086,Q6921446,https://en.wikipedia.org/wiki/Mount_Isolation,ne-67;nh-48,,,,,,,USGS GNIS feature 872086,,,Isolation
nh-mount-tecumseh,Mount Tecumseh,New Hampshire,Grafton,,4003,1220.1,,43.9665408,-71.5566086,872778,Q6924064,https://en.wikipedia.org/wiki/Mount_Tecumseh,ne-67;nh-48,https://upload.wikimedia.org/wikipedia/commons/e/ea/Mttecumsehprofile.jpg,CC BY 3.0,https://creativecommons.org/licenses/by/3.0,Jeremy R. Clark,https://commons.wikimedia.org/wiki/File:Mttecumsehprofile.jpg,"Jeremy R. Clark, CC BY 3.0, via Wikimedia Commons",USGS GNIS feature 872778,,,Tecumseh
ny-black-dome,Black Dome,New York,Greene,,3980,1213.1,,42.2702134,-74.1229171,973342,Q4920677,https://en.wikipedia.org/wiki/Black_Dome_%28New_York%29,catskill-3500,https://upload.wikimedia.org/wikipedia/commons/1/10/Eastern_side_of_Black_Dome.jpg,CC BY 3.0,https://creativecommons.org/licenses/by/3.0,MTBradley,https://commons.wikimedia.org/wiki/File:Eastern_side_of_Black_Dome.jpg,"MTBradley, CC BY 3.0, via Wikimedia Commons",USGS GNIS feature 973342,,,
ny-blake-peak,Blake Peak,New York,Essex,,3960,1207.0,558,44.0813813,-73.8444543,944215,Q4924459,https://en.wikipedia.org/wiki/Blake_Peak,adk-46ers,,,,,,,USGS GNIS feature 944215,,,
ny-cliff-mountain,Cliff Mountain,New York,Essex,,3960,1207.0,466,44.1031102,-73.9751452,946865,Q5132708,https://en.wikipedia.org/wiki/Cliff_Mountain_%28New_York%29,adk-46ers,,,,,,,USGS GNIS feature 946865,,,
ny-thomas-cole-mountain,Thomas Cole Mountain,New York,Greene,,3940,1200.9,,42.2708085,-74.1363129,973362,Q7788531,https://en.wikipedia.org/wiki/Thomas_Cole_Mountain,catskill-3500,https://upload.wikimedia.org/wikipedia/commons/a/a2/Spring_view_of_Thomas_Cole_Mountain.jpg,CC BY 2.0,https://creativecommons.org/licenses/by/2.0,Matthew T. Bradley,https://commons.wikimedia.org/wiki/File:Spring_view_of_Thomas_Cole_Mountain.jpg,"Matthew T. Bradley, CC BY 2.0, via Wikimedia Commons",USGS GNIS feature 973362,,,Thomas Cole
ny-blackhead-mountain,Blackhead Mountain,New York,Greene,,3940,1200.9,,42.2677532,-74.1048178,973343,Q4922981,https://en.wikipedia.org/wiki/Blackhead_%28New_York%29,catskill-3500,https://upload.wikimedia.org/wikipedia/commons/c/c4/Blackhead_Mountain_from_Black_Dome.jpg,CC BY-SA 2.0,https://creativecommons.org/licenses/by-sa/2.0,"Kevin Kenny from Niskayuna, NY, Schenectady. Cropped and color-corrected prior to upload by Daniel Case",https://commons.wikimedia.org/wiki/File:Blackhead_Mountain_from_Black_Dome.jpg,"Kevin Kenny from Niskayuna, NY, Schenectady. Cropped and color-corrected prior to upload by Daniel Case, CC BY-SA 2.0, via Wikimedia Commons",USGS GNIS feature 973343,,,Blackhead
ny-nye-mountain,Nye Mountain,New York,Essex,,3895,1187.2,130,44.1931062,-74.0240387,959076,Q7071055,https://en.wikipedia.org/wiki/Nye_Mountain,adk-46ers,https://upload.wikimedia.org/wikipedia/commons/e/e4/Nye_Mountain.jpg,CC BY 4.0,https://creativecommons.org/licenses/by/4.0,Dclemens1971,https://commons.wikimedia.org/wiki/File:Nye_Mountain.jpg,"Dclemens1971, CC BY 4.0, via Wikimedia Commons",USGS GNIS feature 959076,,,
ny-west-kill-mountain,West Kill Mountain,New York,Greene,,3880,1182.6,,42.1679935,-74.2896333,973363,Q7985627,https://en.wikipedia.org/wiki/West_Kill_Mountain,catskill-3500,https://upload.wikimedia.org/wikipedia/commons/3/30/Blackhead_Range_from_Buck_Ridge_Lookout_in_autumn.jpg,CC BY-SA 3.0,https://creativecommons.org/licenses/by-sa/3.0,Daniel Case,https://commons.wikimedia.org/wiki/File:Blackhead_Range_from_Buck_Ridge_Lookout_in_autumn.jpg,"Daniel Case, CC BY-SA 3.0, via Wikimedia Commons",USGS GNIS feature 973363,,,West Kill
ny-graham-mountain,Graham Mountain,New York,Ulster,,3868,1179.0,,42.0394488,-74.5492767,973350,Q5593091,https://en.wikipedia.org/wiki/Graham_Mountain_%28New_York%29,catskill-3500,https://upload.wikimedia.org/wikipedia/commons/7/76/Graham_Mountain_from_Balsam_Lake_jeep_trail.jpg,CC BY-SA 3.0,https://creativecommons.org/licenses/by-sa/3.0,Daniel Case,https://commons.wikimedia.org/wiki/File:Graham_Mountain_from_Balsam_Lake_jeep_trail.jpg,"Daniel Case, CC BY-SA 3.0, via Wikimedia Commons",USGS GNIS feature 973350,,,
ny-doubletop-mountain,Doubletop Mountain,New York,Ulster,,3860,1176.5,,42.0275913,-74.5282095,973348,Q5300164,https://en.wikipedia.org/wiki/Doubletop_Mountain_%28New_York%29,catskill-3500,,,,,,,USGS GNIS feature 973348,,,
ny-cornell-mountain,Cornell Mountain,New York,Ulster,,3860,1176.5,,42.0013696,-74.3566232,973346,Q5171544,https://en.wikipedia.org/wiki/Cornell_Mountain,catskill-3500,https://upload.wikimedia.org/wikipedia/commons/2/2f/Summit_of_Cornell_Mountain%2C_Shandaken%2C_NY.jpg,CC BY 2.0,https://creativecommons.org/licenses/by/2.0,TheTurducken. Edited slightly prior to upload by Daniel Case,"https://commons.wikimedia.org/wiki/File:Summit_of_Cornell_Mountain,_Shandaken,_NY.jpg","TheTurducken. Edited slightly prior to upload by Daniel Case, CC BY 2.0, via Wikimedia Commons",USGS GNIS feature 973346,,,
ny-table-mountain,Table Mountain,New York,Ulster,,3847,1172.6,,41.9584802,-74.4046379,973361,Q7673141,https://en.wikipedia.org/wiki/Table_Mountain_%28New_York%29,catskill-3500,https://upload.wikimedia.org/wikipedia/commons/3/31/Table_Mountain_from_Curtis-Ormsbee_Trail.jpg,CC BY-SA 3.0,https://creativecommons.org/licenses/by-sa/3.0,Daniel Case,https://commons.wikimedia.org/wiki/File:Table_Mountain_from_Curtis-Ormsbee_Trail.jpg,"Daniel Case, CC BY-SA 3.0, via Wikimedia Commons",USGS GNIS feature 973361,,,
ny-peekamoose-mountain,Peekamoose Mountain,New York,Ulster,,3843,1171.3,,41.9530683,-74.3980568,973358,Q7160173,https://en.wikipedia.org/wiki/Peekamoose_Mountain,catskill-3500,https://upload.wikimedia.org/wikipedia/commons/f/fa/Peekamoose_Mountain_summit_rock.jpg,CC BY-SA 2.0,https://creativecommons.org/licenses/by-sa/2.0,"Kevin Kenny from Niskayuna, NY, Schenectady. Cropped and color-corrected prior to upload by Daniel Case",https://commons.wikimedia.org/wiki/File:Peekamoose_Mountain_summit_rock.jpg,"Kevin Kenny from Niskayuna, NY, Schenectady. Cropped and color-corrected prior to upload by Daniel Case, CC BY-SA 2.0, via Wikimedia Commons",USGS GNIS feature 973358,,,
ny-plateau-mountain,Plateau Mountain,New York,Greene,,3840,1170.4,,42.1378671,-74.1743088,973359,Q7202220,https://en.wikipedia.org/wiki/Plateau_Mountain_%28New_York%29,catskill-3500,https://upload.wikimedia.org/wikipedia/commons/2/2d/Plateau_Mountain_from_Hunter%2C_NY.jpg,CC BY-SA 3.0,https://creativecommons.org/licenses/by-sa/3.0,Daniel Case,"https://commons.wikimedia.org/wiki/File:Plateau_Mountain_from_Hunter,_NY.jpg","Daniel Case, CC BY-SA 3.0, via Wikimedia Commons",USGS GNIS feature 973359,,,
ny-couchsachraga-peak,Couchsachraga Peak,New York,Essex,,3820,1164.3,250,44.0954451,-74.1600037,947539,Q5175966,https://en.wikipedia.org/wiki/Couchsachraga_Peak,adk-46ers,https://upload.wikimedia.org/wikipedia/commons/7/76/Couchsachraga_from_Goodnow.jpg,CC BY 4.0,https://creativecommons.org/licenses/by/4.0,Dclemens1971,https://commons.wikimedia.org/wiki/File:Couchsachraga_from_Goodnow.jpg,"Dclemens1971, CC BY 4.0, via Wikimedia Commons",USGS GNIS feature 947539,,,
ny-sugarloaf-mountain,Sugarloaf Mountain,New York,Greene,,3800,1158.2,,42.1312006,-74.1501414,966729,Q7635011,https://en.wikipedia.org/wiki/Sugarloaf_Mountain_%28Greene_County%2C_New_York%29,catskill-3500,https://upload.wikimedia.org/wikipedia/commons/b/b6/Sugarloaf_Mountain_from_Twin.jpg,CC BY-SA 2.0,https://creativecommons.org/licenses/by-sa/2.0,"Kevin Kenny from Niskayuna, NY, Schenectady. Cropped and color-corrected by Daniel Case prior to upload",https://commons.wikimedia.org/wiki/File:Sugarloaf_Mountain_from_Twin.jpg,"Kevin Kenny from Niskayuna, NY, Schenectady. Cropped and color-corrected by Daniel Case prior to upload, CC BY-SA 2.0, via Wikimedia Commons",USGS GNIS feature 966729,,,
ny-wittenberg-mountain,Wittenberg Mountain,New York,Ulster,,3780,1152.1,,42.0082594,-74.3474145,971528,Q8028568,https://en.wikipedia.org/wiki/Wittenberg_Mountain,catskill-3500,https://upload.wikimedia.org/wikipedia/commons/d/d7/Wittenberg_Mountain_from_Cornell_in_late_fall.jpg,CC BY 2.0,https://creativecommons.org/licenses/by/2.0,TheTurducken. Cropped and color-corrected prior to upload by Daniel Case,https://commons.wikimedia.org/wiki/File:Wittenberg_Mountain_from_Cornell_in_late_fall.jpg,"TheTurducken. Cropped and color-corrected prior to upload by Daniel Case, CC BY 2.0, via Wikimedia Commons",USGS GNIS feature 971528,,,
ny-southwest-hunter-mountain,Southwest Hunter Mountain,New York,,,3740,1140.0,,42.1625,-74.2436,,Q8526291,https://en.wikipedia.org/wiki/Southwest_Hunter_Mountain,catskill-3500,https://upload.wikimedia.org/wikipedia/commons/7/73/Southwest_Hunter_Mountain_canister.jpg,CC BY 2.0,https://creativecommons.org/licenses/by/2.0,TheTurducken,https://commons.wikimedia.org/wiki/File:Southwest_Hunter_Mountain_canister.jpg,"TheTurducken, CC BY 2.0, via Wikimedia Commons",Wikipedia Southwest Hunter Mountain,,,Southwest Hunter
ny-balsam-lake-mountain,Balsam Lake Mountain,New York,Ulster,,3723,1134.8,,42.0455412,-74.5946017,942952,Q4852536,https://en.wikipedia.org/wiki/Balsam_Lake_Mountain,catskill-3500,https://upload.wikimedia.org/wikipedia/commons/5/5c/Balsam_Lake_Mountain.jpg,CC BY-SA 3.0,https://creativecommons.org/licenses/by-sa/3.0,Daniel Case,https://commons.wikimedia.org/wiki/File:Balsam_Lake_Mountain.jpg,"Daniel Case, CC BY-SA 3.0, via Wikimedia Commons",USGS GNIS feature 942952,,,
ny-lone-mountain,Lone Mountain,New York,Ulster,,3721,1134.2,,41.9692592,-74.3893177,955819,Q6671314,https://en.wikipedia.org/wiki/Lone_Mountain_%28New_York%29,catskill-3500,,,,,,,USGS GNIS feature 955819,,,
ny-panther-mountain,Panther Mountain,New York,Ulster,,3720,1133.9,,42.0564799,-74.3945946,959820,Q7131803,https://en.wikipedia.org/wiki/Panther_Mountain_%28New_York%29,catskill-3500,https://upload.wikimedia.org/wikipedia/commons/8/8f/Panther_Mountain_from_Highmount.jpg,CC BY-SA 3.0,http://creativecommons.org/licenses/by-sa/3.0/,The original uploader was Daniel Case at English Wikipedia.,https://commons.wikimedia.org/wiki/File:Panther_Mountain_from_Highmount.jpg,"The original uploader was Daniel Case at English Wikipedia., CC BY-SA 3.0, via Wikimedia Commons",USGS GNIS feature 959820,,,
ny-big-indian-mountain,Big Indian Mountain,New York,Ulster,,3700,1127.8,,42.0350756,-74.4966708,943907,Q4905867,https://en.wikipedia.org/wiki/Big_Indian_Mountain,catskill-3500,,,,,,,USGS GNIS feature 943907,,,
ny-friday-mountain,Friday Mountain,New York,Ulster,,3694,1125.9,,41.9875924,-74.3620944,950728,Q5503503,https://en.wikipedia.org/wiki/Friday_Mountain,catskill-3500,,,,,,,USGS GNIS feature 950728,,,
ny-rusk-mountain,Rusk Mountain,New York,Greene,,3680,1121.7,,42.2006434,-74.2770897,963108,Q7380934,https://en.wikipedia.org/wiki/Rusk_Mountain,catskill-3500,https://upload.wikimedia.org/wikipedia/commons/5/54/Rusk_Mountain_Summit.jpg,CC BY-SA 3.0,https://creativecommons.org/licenses/by-sa/3.0,Onteora12,https://commons.wikimedia.org/wiki/File:Rusk_Mountain_Summit.jpg,"Onteora12, CC BY-SA 3.0, via Wikimedia Commons",USGS GNIS feature 963108,,,
ny-kaaterskill-high-peak,Kaaterskill High Peak,New York,Greene,,3655,1114.0,,42.1620588,-74.0804128,952749,Q6343625,https://en.wikipedia.org/wiki/Kaaterskill_High_Peak,catskill-3500,https://upload.wikimedia.org/wikipedia/commons/a/a9/Kaaterskill_High_Peak.jpg,CC BY-SA 3.0,http://creativecommons.org/licenses/by-sa/3.0/,Daniel Case,https://commons.wikimedia.org/wiki/File:Kaaterskill_High_Peak.jpg,"Daniel Case, CC BY-SA 3.0, via Wikimedia Commons",USGS GNIS feature 952749,,,
ny-twin-mountain,Twin Mountain,New York,Greene,,3640,1109.5,,42.1256135,-74.1292011,968056,Q7858235,https://en.wikipedia.org/wiki/Twin_Mountain_%28Greene_County%2C_New_York%29,catskill-3500,https://upload.wikimedia.org/wikipedia/commons/9/90/Twin_North_Summit_View.jpg,CC BY-SA 3.0,https://creativecommons.org/licenses/by-sa/3.0,Sixlocal,https://commons.wikimedia.org/wiki/File:Twin_North_Summit_View.jpg,"Sixlocal, CC BY-SA 3.0, via Wikimedia Commons",USGS GNIS feature 968056,,,
ny-balsam-cap,Balsam Cap,New York,Ulster,,3623,1104.3,,41.9772124,-74.357737,942944,Q4852530,https://en.wikipedia.org/wiki/Balsam_Cap,catskill-3500,https://upload.wikimedia.org/wikipedia/commons/1/1e/Balsam_Cap_Summit_Canister.jpg,CC BY 2.0,https://creativecommons.org/licenses/by/2.0,TheTurducken,https://commons.wikimedia.org/wiki/File:Balsam_Cap_Summit_Canister.jpg,"TheTurducken, CC BY 2.0, via Wikimedia Commons",USGS GNIS feature 942944,,,
ny-fir-mountain,Fir Mountain,New York,Ulster,,3620,1103.4,,42.0275916,-74.4690414,950082,Q5451209,https://en.wikipedia.org/wiki/Fir_Mountain_%28New_York%29,catskill-3500,,,,,,,USGS GNIS feature 950082,,,
ny-north-dome,North Dome,New York,Greene,,3610,1100.3,,42.1734217,-74.3490366,958771,Q8526324,https://en.wikipedia.org/wiki/North_Dome_%28New_York%29,catskill-3500,,,,,,,USGS GNIS feature 958771,,,
ny-eagle-mountain,Eagle Mountain,New York,Ulster,,3600,1097.3,,42.0617007,-74.5097706,948930,Q5325167,https://en.wikipedia.org/wiki/Eagle_Mountain_%28Ulster_County%2C_New_York%29,catskill-3500,https://upload.wikimedia.org/wikipedia/commons/7/7b/Summit_of_Eagle_Mountain_in_winter.jpg,CC BY 2.0,https://creativecommons.org/licenses/by/2.0,TheTurducken. Edited slightly prior to upload by Daniel Case,https://commons.wikimedia.org/wiki/File:Summit_of_Eagle_Mountain_in_winter.jpg,"TheTurducken. Edited slightly prior to upload by Daniel Case, CC BY 2.0, via Wikimedia Commons",USGS GNIS feature 948930,,,
ny-balsam-mountain,Balsam Mountain,New York,Ulster,,3600,1097.3,,42.0909235,-74.4882082,942953,Q4852538,https://en.wikipedia.org/wiki/Balsam_Mountain_%28Ulster_County%2C_New_York%29,catskill-3500,https://upload.wikimedia.org/wikipedia/commons/8/89/Balsam_Mountain.jpg,CC BY-SA 3.0,https://creativecommons.org/licenses/by-sa/3.0,Daniel Case,https://commons.wikimedia.org/wiki/File:Balsam_Mountain.jpg,"Daniel Case, CC BY-SA 3.0, via Wikimedia Commons",USGS GNIS feature 942953,,,
ny-bearpen-mountain,Bearpen Mountain,New York,Greene,,3600,1097.3,,42.2734189,-74.4840396,943334,Q4876761,https://en.wikipedia.org/wiki/Bearpen_Mountain,catskill-3500,,,,,,,USGS GNIS feature 943334,,,
ny-indian-head-mountain,Indian Head Mountain,New York,Greene,,3573,1089.1,,42.1164175,-74.1146189,953655,Q6020411,https://en.wikipedia.org/wiki/Indian_Head_Mountain_%28New_York%29,catskill-3500,https://upload.wikimedia.org/wikipedia/commons/0/0f/Indian_Head_Mtn_NY_Distance.jpg,CC BY-SA 4.0,https://creativecommons.org/licenses/by-sa/4.0,WuTang94,https://commons.wikimedia.org/wiki/File:Indian_Head_Mtn_NY_Distance.jpg,"WuTang94, CC BY-SA 4.0, via Wikimedia Commons",USGS GNIS feature 953655,,,Indian Head
sc-sassafras-mountain,Sassafras Mountain,South Carolina,Pickens,,3554.1,1083.3,,35.065108,-82.7776292,1015279,Q2225722,https://en.wikipedia.org/wiki/Sassafras_Mountain,us-state-highpoints,https://upload.wikimedia.org/wikipedia/commons/8/8e/Sassafras_Mountain_South_Carolina_2020_6.jpg,CC BY-SA 4.0,https://creativecommons.org/licenses/by-sa/4.0,Fredlyfish4,https://commons.wikimedia.org/wiki/File:Sassafras_Mountain_South_Carolina_2020_6.jpg,"Fredlyfish4, CC BY-SA 4.0, via Wikimedia Commons",USGS GNIS feature 1015279,,,
ny-sherrill-mountain,Sherrill Mountain,New York,Greene,,3540,1079.0,,42.1756439,-74.3729262,1829070,Q8526328,https://en.wikipedia.org/wiki/Mount_Sherrill,catskill-3500,https://upload.wikimedia.org/wikipedia/commons/a/ae/Mount_Sherrill_from_Spruceton_Road%2C_West_Kill%2C_NY.jpg,CC BY-SA 3.0,https://creativecommons.org/licenses/by-sa/3.0,Daniel Case,"https://commons.wikimedia.org/wiki/File:Mount_Sherrill_from_Spruceton_Road,_West_Kill,_NY.jpg","Daniel Case, CC BY-SA 3.0, via Wikimedia Commons",USGS GNIS feature 1829070,,,
ny-halcott-mountain,Halcott Mountain,New York,Greene,,3537,1078.1,,42.1800882,-74.4379281,952008,Q5641168,https://en.wikipedia.org/wiki/Halcott_Mountain,catskill-3500,https://upload.wikimedia.org/wikipedia/commons/6/68/Halcott_Mountain_from_Belleayre_ski_slope.jpg,CC BY-SA 3.0,https://creativecommons.org/licenses/by-sa/3.0,Daniel Case,https://commons.wikimedia.org/wiki/File:Halcott_Mountain_from_Belleayre_ski_slope.jpg,"Daniel Case, CC BY-SA 3.0, via Wikimedia Commons",USGS GNIS feature 952008,,,
ny-vly-mountain,Vly Mountain,New York,Greene,,3529,1075.6,,42.2453645,-74.4459834,968592,Q7939097,https://en.wikipedia.org/wiki/Vly_Mountain,catskill-3500,https://upload.wikimedia.org/wikipedia/commons/3/39/Vly_Mountain_summit_with_canister.jpg,CC BY 2.0,https://creativecommons.org/licenses/by/2.0,TheTurducken. Edited slightly prior to upload by Daniel Case,https://commons.wikimedia.org/wiki/File:Vly_Mountain_summit_with_canister.jpg,"TheTurducken. Edited slightly prior to upload by Daniel Case, CC BY 2.0, via Wikimedia Commons",USGS GNIS feature 968592,,,
ny-windham-high-peak,Windham High Peak,New York,Greene,,3524,1074.1,,42.3148228,-74.1431285,971464,Q8024191,https://en.wikipedia.org/wiki/Windham_High_Peak,catskill-3500,,,,,,,USGS GNIS feature 971464,,,
ny-rocky-mountain,Rocky Mountain,New York,Ulster,,3508,1069.2,,41.9726151,-74.3728908,962784,Q7355865,https://en.wikipedia.org/wiki/Rocky_Mountain_%28Ulster_County%2C_New_York%29,catskill-3500,,,,,,,USGS GNIS feature 962784,,,
nd-white-butte,White Butte,North Dakota,Slope,,3505.9,1068.6,,46.3870238,-103.3025551,1035239,Q590820,https://en.wikipedia.org/wiki/White_Butte_%28North_Dakota%29,us-state-highpoints,https://upload.wikimedia.org/wikipedia/commons/c/c0/White_butte_%281%29.JPG,Public domain,,Bjr97543 at English Wikipedia,https://commons.wikimedia.org/wiki/File:White_butte_(1).JPG,"Bjr97543 at English Wikipedia, Public domain, via Wikimedia Commons",USGS GNIS feature 1035239,,,
ma-mount-greylock,Mount Greylock,Massachusetts,Berkshire,,3488.8,1063.4,,42.6371703,-73.1659399,607448,Q1587225,https://en.wikipedia.org/wiki/Mount_Greylock,us-state-highpoints,https://upload.wikimedia.org/wikipedia/commons/b/be/GREYLOCK.JPG,CC BY 3.0,https://creativecommons.org/licenses/by/3.0,Jstergis,https://commons.wikimedia.org/wiki/File:GREYLOCK.JPG,"Jstergis, CC BY 3.0, via Wikimedia Commons",USGS GNIS feature 607448,,,
md-hoye-crest,Hoye-Crest,Maryland,Garrett,,3370.1,1027.2,,39.2373789,-79.4854595,1959484,Q658808,https://en.wikipedia.org/wiki/Hoye-Crest,us-state-highpoints,https://upload.wikimedia.org/wikipedia/commons/8/8a/Hoye-Crest_Historical_Marker.jpg,CC BY-SA 3.0,https://creativecommons.org/licenses/by-sa/3.0,Brian M. Powell (user Bitmapped on en.wikipedia),https://commons.wikimedia.org/wiki/File:Hoye-Crest_Historical_Marker.jpg,"Brian M. Powell (user Bitmapped on en.wikipedia), CC BY-SA 3.0, via Wikimedia Commons",USGS GNIS feature 1959484,,,
pa-mount-davis,Mount Davis,Pennsylvania,Somerset,,3212.9,979.3,,39.7858675,-79.1766429,1209050,Q3660,https://en.wikipedia.org/wiki/Mount_Davis_%28Pennsylvania%29,us-state-highpoints,https://upload.wikimedia.org/wikipedia/commons/7/77/Observation_tower_atop_Mt._Davis%2C_Pennsylvania.JPG,CC BY-SA 3.0,https://creativecommons.org/licenses/by-sa/3.0,Wikiuser100,"https://commons.wikimedia.org/wiki/File:Observation_tower_atop_Mt._Davis,_Pennsylvania.JPG","Wikiuser100, CC BY-SA 3.0, via Wikimedia Commons",USGS GNIS feature 1209050,,,
ar-mount-magazine,Mount Magazine,Arkansas,Logan,,2752.6,839.0,,35.167277,-93.6449649,73578,Q515059,https://en.wikipedia.org/wiki/Mount_Magazine,us-state-highpoints,https://upload.wikimedia.org/wikipedia/commons/3/39/Mount_Magazine_from_southeast.JPG,CC BY-SA 3.0,https://creativecommons.org/licenses/by-sa/3.0,Fredlyfish4,https://commons.wikimedia.org/wiki/File:Mount_Magazine_from_southeast.JPG,"Fredlyfish4, CC BY-SA 3.0, via Wikimedia Commons",USGS GNIS feature 73578,,,
al-cheaha-mountain,Cheaha Mountain,Alabama,Cleburne,,2404.9,733.0,,33.485384,-85.8085996,159374,Q927744,https://en.wikipedia.org/wiki/Cheaha_Mountain,us-state-highpoints,https://upload.wikimedia.org/wikipedia/commons/4/49/Cheaha_Lake_in_the_Fall.jpg,Public domain,,Amann09 (talk · contribs),https://commons.wikimedia.org/wiki/File:Cheaha_Lake_in_the_Fall.jpg,"Amann09 (talk · contribs), Public domain, via Wikimedia Commons",USGS GNIS feature 159374,,,
ct-southern-slope-of-mount-frissell-at-massachusetts-border,Southern slope of Mount Frissell at Massachusetts border,Connecticut,,,2385.8,727.2,,42.0496,-73.4828,,Q1950492,https://en.wikipedia.org/wiki/Mount_Frissell,us-state-highpoints,https://upload.wikimedia.org/wikipedia/commons/e/ea/Mount_Frissell%2C_MA%2C_viewed_from_Brace_Mountain%2C_NY.jpg,CC BY-SA 4.0,https://creativecommons.org/licenses/by-sa/4.0,Zeete,"https://commons.wikimedia.org/wiki/File:Mount_Frissell,_MA,_viewed_from_Brace_Mountain,_NY.jpg","Zeete, CC BY-SA 4.0, via Wikimedia Commons",Wikipedia Mount Frissell,,,
mn-eagle-mountain,Eagle Mountain,Minnesota,Cook,,2301.8,701.6,,47.8973467,-90.5606387,656081,Q252204,https://en.wikipedia.org/wiki/Eagle_Mountain_%28Minnesota%29,us-state-highpoints,https://upload.wikimedia.org/wikipedia/commons/b/b0/Eagle_Mountain%2C_Minnesota.jpg,CC BY-SA 3.0,https://creativecommons.org/licenses/by-sa/3.0,Skye Marthaler,"https://commons.wikimedia.org/wiki/File:Eagle_Mountain,_Minnesota.jpg","Skye Marthaler, CC BY-SA 3.0, via Wikimedia Commons",USGS GNIS feature 656081,,,
mi-mount-arvon,Mount Arvon,Michigan,Baraga,,1979.0,603.2,,46.7557395,-88.1552409,1623751,Q1164979,https://en.wikipedia.org/wiki/Mount_Arvon,us-state-highpoints,https://upload.wikimedia.org/wikipedia/commons/f/f3/Gfp-michigan-mount-arvon-scene-at-the-top-of-arvon.jpg,Public Domain,https://web.archive.org/web/20230926203737/https://creativecommons.org/licenses/publicdomain/,Yinan Chen,https://commons.wikimedia.org/wiki/File:Gfp-michigan-mount-arvon-scene-at-the-top-of-arvon.jpg,"Yinan Chen, Public Domain, via Wikimedia Commons",USGS GNIS feature 1623751,,,
wi-timms-hill,Timms Hill,Wisconsin,Price,,1951.0,594.66,,45.4507963,-90.1953351,1575464,Q1862687,https://en.wikipedia.org/wiki/Timms_Hill,us-state-highpoints,https://upload.wikimedia.org/wikipedia/commons/3/32/Timms_Hill%2C_Wisconsin_High_Point.jpg,Public domain,,Bmwenner at English Wikipedia,"https://commons.wikimedia.org/wiki/File:Timms_Hill,_Wisconsin_High_Point.jpg","Bmwenner at English Wikipedia, Public domain, via Wikimedia Commons",USGS GNIS feature 1575464,,,
nj-high-point,High Point,New Jersey,Sussex,,1801.8,549.2,,41.3208722,-74.6615393,877098,Q1587207,https://en.wikipedia.org/wiki/High_Point_%28New_Jersey%29,us-state-highpoints,https://upload.wikimedia.org/wikipedia/commons/6/61/High_Point%2C_NJ.jpg,CC BY-SA 3.0,http://creativecommons.org/licenses/by-sa/3.0/,Daniel Case,"https://commons.wikimedia.org/wiki/File:High_Point,_NJ.jpg","Daniel Case, CC BY-SA 3.0, via Wikimedia Commons",USGS GNIS feature 877098,,,
mo-taum-sauk-mountain,Taum Sauk Mountain,Missouri,Iron,,1772.0,540.1,,37.5712766,-90.7291683,752501,Q948475,https://en.wikipedia.org/wiki/Taum_Sauk_Mountain,us-state-highpoints,https://upload.wikimedia.org/wikipedia/commons/9/9c/Proffit_to_Taum_Sauk.jpg,CC BY-SA 3.0,http://creativecommons.org/licenses/by-sa/3.0/,Kbh3rd,https://commons.wikimedia.org/wiki/File:Proffit_to_Taum_Sauk.jpg,"Kbh3rd, CC BY-SA 3.0, via Wikimedia Commons",USGS GNIS feature 752501,,,
ia-hawkeye-point,Hawkeye Point,Iowa,Osceola,,1670.9,509.3,,43.4603174,-95.7087663,1851955,Q1591692,https://en.wikipedia.org/wiki/Hawkeye_Point,us-state-highpoints,https://upload.wikimedia.org/wikipedia/commons/b/b5/Hawkeye_Point.jpg,CC BY-SA 3.0,https://creativecommons.org/licenses/by-sa/3.0,Brian M. Powell (user Bitmapped on en.wikipedia),https://commons.wikimedia.org/wiki/File:Hawkeye_Point.jpg,"Brian M. Powell (user Bitmapped on en.wikipedia), CC BY-SA 3.0, via Wikimedia Commons",USGS GNIS feature 1851955,,,
oh-campbell-hill,Campbell Hill,Ohio,Logan,,1547.9,471.8,,40.3702615,-83.720086,1079572,Q1030445,https://en.wikipedia.org/wiki/Campbell_Hill_%28Ohio%29,us-state-highpoints,https://upload.wikimedia.org/wikipedia/commons/2/20/CampbellHillSummit.JPG,CC BY-SA 3.0,https://creativecommons.org/licenses/by-sa/3.0,Analogue Kid (talk).,https://commons.wikimedia.org/wiki/File:CampbellHillSummit.JPG,"Analogue Kid (talk)., CC BY-SA 3.0, via Wikimedia Commons",USGS GNIS feature 1079572,,,
in-hoosier-hill,Hoosier Hill,Indiana,Wayne,,1257.0,383.13,,40.0002603,-84.8509693,1851956,Q1627481,https://en.wikipedia.org/wiki/Hoosier_Hill,us-state-highpoints,https://upload.wikimedia.org/wikipedia/commons/2/21/Hoosier_hill.JPG,CC BY-SA 3.0,http://creativecommons.org/licenses/by-sa/3.0/,,https://commons.wikimedia.org/wiki/File:Hoosier_hill.JPG,"Unknown author, CC BY-SA 3.0, via Wikimedia Commons",USGS GNIS feature 1851956,,,
il-charles-mound,Charles Mound,Illinois,Jo Daviess,,1234.9,376.4,,42.5041312,-90.2396757,423586,Q1065571,https://en.wikipedia.org/wiki/Charles_Mound,us-state-highpoints,https://upload.wikimedia.org/wikipedia/commons/a/a0/Charles_Mound%2C_Illinois.JPG,CC BY-SA 3.0,https://creativecommons.org/licenses/by-sa/3.0,Skye Marthaler,"https://commons.wikimedia.org/wiki/File:Charles_Mound,_Illinois.JPG","Skye Marthaler, CC BY-SA 3.0, via Wikimedia Commons",USGS GNIS feature 423586,,,
ri-jerimoth-hill,Jerimoth Hill,Rhode Island,Providence,,811.0,247.2,,41.8494158,-71.7788736,1219566,Q956395,https://en.wikipedia.org/wiki/Jerimoth_Hill,us-state-highpoints,https://upload.wikimedia.org/wikipedia/commons/5/56/JerimothHill2.JPG,Public domain,,Khoule23 at English Wikipedia,https://commons.wikimedia.org/wiki/File:JerimothHill2.JPG,"Khoule23 at English Wikipedia, Public domain, via Wikimedia Commons",USGS GNIS feature 1219566,,,
ms-woodall-mountain,Woodall Mountain,Mississippi,Tishomingo,,807.1,246.0,,34.7877049,-88.2418656,692362,Q1701877,https://en.wikipedia.org/wiki/Woodall_Mountain,us-state-highpoints,https://upload.wikimedia.org/wikipedia/commons/0/06/View_from_Woodall_Mountain.jpg,Public domain,,Michlaovic,https://commons.wikimedia.org/wiki/File:View_from_Woodall_Mountain.jpg,"Michlaovic, Public domain, via Wikimedia Commons",USGS GNIS feature 692362,,,
la-driskill-mountain,Driskill Mountain,Louisiana,Bienville,,535.1,163.1,,32.4250483,-92.8969723,542199,Q1665452,https://en.wikipedia.org/wiki/Driskill_Mountain,us-state-highpoints,https://upload.wikimedia.org/wikipedia/commons/2/26/Driskill_Mountain_Summit.JPG,CC BY-SA 3.0,https://creativecommons.org/licenses/by-sa/3.0,Fredlyfish4,https://commons.wikimedia.org/wiki/File:Driskill_Mountain_Summit.JPG,"Fredlyfish4, CC BY-SA 3.0, via Wikimedia Commons",USGS GNIS feature 542199,,,
de-near-the-ebright-azimuth,Near the Ebright Azimuth,Delaware,,,449.1,136.9,,39.836,-75.5222,,Q1280075,https://en.wikipedia.org/wiki/Ebright_Azimuth,us-state-highpoints,https://upload.wikimedia.org/wikipedia/commons/8/8b/Ebright_Azimuth_Delaware_Sign_3008px.jpg,CC BY-SA 2.5,https://creativecommons.org/licenses/by-sa/2.5,Photo by and (c)2006 Derek Ramsey (Ram-Man),https://commons.wikimedia.org/wiki/File:Ebright_Azimuth_Delaware_Sign_3008px.jpg,"Photo by and (c)2006 Derek Ramsey (Ram-Man), CC BY-SA 2.5, via Wikimedia Commons",Wikipedia Ebright Azimuth,,,
fl-britton-hill,Britton Hill,Florida,Walton,,345.1,105.2,,30.9886961,-86.282046,1851954,Q921136,https://en.wikipedia.org/wiki/Britton_Hill,us-state-highpoints,https://upload.wikimedia.org/wikipedia/commons/b/be/LakewoodParkMonument.jpg,Public domain,,StAugBeachBum,https://commons.wikimedia.org/wiki/File:LakewoodParkMonument.jpg,"StAugBeachBum, Public domain, via Wikimedia Commons",USGS GNIS feature 1851954,,,
nh-north-tripyramid,North Tripyramid,New Hampshire,Grafton,,4180,1274.3,,43.9731659,-71.4427801,872833,Q8524074,https://en.wikipedia.org/wiki/Mount_Tripyramid_%28New_Hampshire%29,ne-67;nh-48,https://upload.wikimedia.org/wikipedia/commons/a/ad/North_and_Middle_Tripyramid_NH.jpg,Public domain,,petersent,https://commons.wikimedia.org/wiki/File:North_and_Middle_Tripyramid_NH.jpg,"petersent, Public domain, via Wikimedia Commons",USGS GNIS feature 872833,,,
